Diff_FromDomActDom,BL_IP,Created_within_1_year,Expire_within_13_months,mail_dt,cntry,msgid,tm,cn_typ,hop
1,0,1,0,0.8110802,0.6091574,0.7467921,0.1138891,0.8367861,6
1,1,0,1,0.8990921,0.411251,0.7467921,0.2455413,0.8367861,5
1,1,0,1,0.8990921,0.411251,0.7467921,0.3595616,0.8367861,5
1,1,0,1,0.8110802,0.411251,0.7467921,0.3274262,0.8367861,5
1,1,0,1,0.8110802,0.411251,0.7467921,0.9856634,0.8367861,5
1,1,0,1,0.9697588,0.411251,0.7467921,0.3605099,0.8367861,5
1,1,0,1,0.9697588,0.411251,0.7467921,0.8303208,0.8367861,5
1,1,0,1,0.8110802,0.411251,0.7467921,0.1577021,0.8367861,5
1,1,0,1,0.8110802,0.411251,0.7467921,0.0632272,0.8367861,5
1,1,0,1,0.8110802,0.411251,0.7467921,0.9596276,0.8367861,5
1,1,0,1,0.8110802,0.411251,0.7467921,0.3067083,0.8367861,5
1,1,0,1,0.8110802,0.411251,0.7467921,0.3110452,0.8367861,5
1,1,0,1,0.8110802,0.411251,0.7467921,0.0777519,0.8367861,5
1,1,0,1,0.8110802,0.411251,0.7467921,0.2053924,0.8367861,5
1,1,0,1,0.8110802,0.411251,0.7467921,0.0733119,0.8367861,5
1,1,0,1,0.8110802,0.411251,0.7467921,0.1691745,0.8367861,5
1,1,0,1,0.8110802,0.411251,0.7467921,0.4252078,0.8367861,5
1,1,0,1,0.8110802,0.411251,0.7467921,0.9639429,0.8367861,5
1,1,0,1,0.8110802,0.411251,0.7467921,0.6385815,0.8367861,5
1,1,0,1,0.8110802,0.411251,0.7467921,0.3958755,0.8367861,5
1,1,0,1,0.5137809,0.411251,0.7467921,0.5765993,0.8367861,5
1,1,0,1,0.5137809,0.411251,0.7467921,0.9640565,0.8367861,5
1,1,0,1,0.5137809,0.411251,0.7467921,0.6568623,0.8367861,5
1,1,0,1,0.5137809,0.411251,0.7467921,0.0288283,0.8367861,5
1,1,0,1,0.5137809,0.411251,0.7467921,0.5160864,0.8367861,5
1,1,0,1,0.5137809,0.411251,0.7467921,0.7217401,0.8367861,5
1,1,0,1,0.5137809,0.411251,0.7467921,0.6273095,0.8367861,5
1,1,0,1,0.5137809,0.411251,0.7467921,0.6729829,0.8367861,5
1,1,0,1,0.5137809,0.411251,0.7467921,0.6262265,0.8367861,5
1,1,0,1,0.5137809,0.411251,0.7467921,0.5320884,0.8367861,5
1,1,0,1,0.5137809,0.411251,0.7467921,0.8351682,0.8367861,5
1,1,0,1,0.5137809,0.411251,0.7467921,0.0281505,0.8367861,5
1,1,0,1,0.5137809,0.411251,0.7467921,0.430769,0.8367861,5
1,1,0,1,0.5137809,0.411251,0.7467921,0.9460967,0.8367861,5
1,1,0,1,0.8110802,0.411251,0.7467921,0.8031109,0.8367861,5
1,1,0,1,0.8110802,0.411251,0.7467921,0.3209417,0.8367861,5
1,1,0,1,0.8110802,0.411251,0.7467921,0.8690798,0.8367861,5
1,1,0,1,0.8110802,0.411251,0.7467921,0.7441814,0.8367861,5
1,1,0,1,0.8110802,0.411251,0.7467921,0.4265387,0.8367861,5
1,1,0,1,0.8110802,0.411251,0.7467921,0.6028026,0.8367861,5
1,1,0,1,0.8110802,0.411251,0.7467921,0.1624323,0.8367861,5
1,1,0,1,0.9697588,0.411251,0.7467921,0.1227273,0.8367861,5
1,1,0,1,0.9697588,0.411251,0.7467921,0.2240539,0.8367861,5
1,1,0,1,0.9697588,0.411251,0.7467921,0.3804228,0.8367861,5
1,1,0,1,0.9697588,0.411251,0.7467921,0.6519047,0.8367861,5
1,1,0,1,0.8110802,0.411251,0.7467921,0.8998889,0.8367861,5
1,1,0,1,0.9697588,0.411251,0.7467921,0.189682,0.8367861,5
1,1,0,1,0.9697588,0.411251,0.7467921,0.7298285,0.8367861,5
1,1,0,1,0.9697588,0.411251,0.7467921,0.4265387,0.8367861,5
1,1,0,1,0.8990921,0.411251,0.7467921,0.5573251,0.8367861,5
1,1,0,1,0.8110802,0.411251,0.7467921,0.2944449,0.8367861,5
1,1,0,1,0.8110802,0.411251,0.7467921,0.8513229,0.8367861,5
1,1,0,1,0.8110802,0.411251,0.7467921,0.0889002,0.8367861,5
1,1,0,1,0.8110802,0.411251,0.7467921,0.9035185,0.8367861,5
1,1,0,1,0.8110802,0.411251,0.7467921,0.5879994,0.8367861,5
1,1,0,1,0.5137809,0.411251,0.7467921,0.2762228,0.8367861,5
1,1,0,1,0.5137809,0.411251,0.7467921,0.6860425,0.8367861,5
1,1,0,1,0.5137809,0.411251,0.7467921,0.2665737,0.8367861,5
1,1,0,1,0.5137809,0.411251,0.7467921,0.8535702,0.8367861,5
1,1,0,1,0.8990921,0.411251,0.7467921,0.3208838,0.8367861,5
1,1,0,1,0.8990921,0.411251,0.7467921,0.1637656,0.8367861,5
1,1,0,1,0.5137809,0.411251,0.7467921,0.9320143,0.8367861,5
1,1,0,1,0.5137809,0.411251,0.7467921,0.7720258,0.8367861,5
1,1,0,1,0.5137809,0.411251,0.7467921,0.6786092,0.8367861,5
1,1,0,1,0.5137809,0.411251,0.7467921,0.2586433,0.8367861,5
1,1,0,1,0.5137809,0.411251,0.7467921,0.8572787,0.8367861,5
1,1,0,1,0.5137809,0.411251,0.7467921,0.8565282,0.8367861,5
1,1,0,1,0.5137809,0.411251,0.7467921,0.4090133,0.8367861,5
1,1,0,1,0.9697588,0.411251,0.7467921,0.1509173,0.8367861,5
1,1,0,1,0.8110802,0.411251,0.7467921,0.7273404,0.8367861,5
1,1,0,1,0.9697588,0.411251,0.7467921,0.1433216,0.8367861,5
1,1,0,1,0.8110802,0.411251,0.7467921,0.2819894,0.8367861,5
1,1,0,1,0.8110802,0.411251,0.7467921,0.8296104,0.8367861,5
1,1,0,1,0.8110802,0.411251,0.7467921,0.894239,0.8367861,5
1,1,0,1,0.8110802,0.411251,0.7467921,0.7251318,0.8367861,5
1,1,0,1,0.8110802,0.411251,0.7467921,0.6744178,0.8367861,5
1,1,0,1,0.8110802,0.411251,0.7467921,0.8853029,0.8367861,5
1,1,0,1,0.5137809,0.411251,0.7467921,0.5689947,0.8367861,5
1,1,0,1,0.5137809,0.411251,0.7467921,0.1068242,0.8367861,5
1,1,0,1,0.5137809,0.411251,0.7467921,0.3773322,0.8367861,5
1,1,0,1,0.5137809,0.411251,0.7467921,0.7275802,0.8367861,5
1,1,0,1,0.5137809,0.411251,0.7467921,0.9581211,0.8367861,5
1,1,0,1,0.5137809,0.411251,0.7467921,0.7717181,0.8367861,5
1,1,0,1,0.8110802,0.411251,0.7467921,0.4328544,0.8367861,5
1,1,0,1,0.8110802,0.411251,0.7467921,0.4659683,0.8367861,5
1,1,0,1,0.9697588,0.411251,0.7467921,0.0053113,0.8367861,5
1,1,0,1,0.9697588,0.411251,0.7467921,0.6610458,0.8367861,5
1,1,0,1,0.8990921,0.411251,0.7467921,0.2697522,0.8367861,5
1,1,0,1,0.8990921,0.411251,0.7467921,0.278416,0.8367861,5
1,1,0,1,0.8990921,0.411251,0.7467921,0.1448486,0.8367861,5
1,1,0,1,0.8990921,0.411251,0.7467921,0.7639434,0.8367861,5
1,1,0,1,0.5137809,0.411251,0.7467921,0.9866558,0.8367861,5
1,1,0,1,0.8110802,0.411251,0.7467921,0.2077433,0.8367861,5
1,1,0,1,0.8110802,0.411251,0.7467921,0.5426958,0.8367861,5
1,1,0,1,0.8110802,0.411251,0.7467921,0.3448705,0.8367861,5
1,1,0,1,0.8110802,0.411251,0.7467921,0.7438327,0.8367861,5
1,1,0,1,0.8110802,0.411251,0.7467921,0.8463174,0.8367861,5
1,1,0,1,0.8110802,0.411251,0.7467921,0.7079066,0.8367861,5
1,1,0,1,0.8110802,0.411251,0.7467921,0.1745757,0.8367861,5
1,1,0,1,0.8110802,0.411251,0.7467921,0.1691745,0.8367861,5
1,1,0,1,0.8110802,0.411251,0.7467921,0.041844,0.8367861,5
1,1,0,1,0.8110802,0.411251,0.7467921,0.0524241,0.8367861,5
1,1,0,1,0.8110802,0.411251,0.7467921,0.1541457,0.8367861,5
1,1,0,1,0.8110802,0.411251,0.7467921,0.3776456,0.8367861,5
1,1,0,1,0.8110802,0.411251,0.7467921,0.9340629,0.8367861,5
1,1,0,1,0.5137809,0.411251,0.7467921,0.6397607,0.8367861,5
1,1,0,1,0.5137809,0.411251,0.7467921,0.67223,0.8367861,5
1,1,0,1,0.5137809,0.411251,0.7467921,0.7232759,0.8367861,5
1,1,0,1,0.5137809,0.411251,0.7467921,0.7437777,0.8367861,5
1,1,0,1,0.5137809,0.411251,0.7467921,0.0077709,0.8367861,5
1,1,0,1,0.5137809,0.411251,0.7467921,0.1857473,0.8367861,5
1,1,0,1,0.5137809,0.411251,0.7467921,0.7352729,0.8367861,5
1,1,0,1,0.5137809,0.411251,0.7467921,0.8022013,0.8367861,5
1,1,0,1,0.5137809,0.411251,0.7467921,0.2219856,0.8367861,5
1,1,0,1,0.5137809,0.411251,0.7467921,0.2638429,0.8367861,5
1,1,0,1,0.5137809,0.411251,0.7467921,0.9149687,0.8367861,5
1,1,0,1,0.5137809,0.411251,0.7467921,0.8158368,0.8367861,5
1,1,0,1,0.5137809,0.411251,0.7467921,0.6313265,0.8367861,5
1,1,0,1,0.8990921,0.411251,0.7467921,0.3051588,0.8367861,5
1,1,0,1,0.8990921,0.411251,0.7467921,0.6697438,0.8367861,5
1,1,0,1,0.8990921,0.411251,0.7467921,0.032338,0.8367861,5
1,1,0,1,0.5137809,0.411251,0.7467921,0.5433231,0.8367861,5
1,1,0,1,0.5137809,0.411251,0.7467921,0.883492,0.8367861,5
1,1,0,1,0.5137809,0.411251,0.7467921,0.891371,0.8367861,5
1,1,0,1,0.5137809,0.411251,0.7467921,0.1051622,0.8367861,5
1,1,0,1,0.5137809,0.411251,0.7467921,0.5501105,0.8367861,5
1,1,0,1,0.5137809,0.411251,0.7467921,0.6478917,0.8367861,5
1,1,0,1,0.5137809,0.411251,0.7467921,0.6540622,0.8367861,5
1,1,0,1,0.5137809,0.411251,0.7467921,0.574159,0.8367861,5
1,1,0,1,0.5137809,0.411251,0.7467921,0.3920664,0.8367861,5
1,1,0,1,0.5137809,0.411251,0.7467921,0.7579979,0.8367861,5
1,1,0,1,0.5137809,0.411251,0.7467921,0.0243944,0.8367861,5
1,1,0,1,0.5137809,0.411251,0.7467921,0.7621993,0.8367861,5
1,1,0,1,0.5137809,0.411251,0.7467921,0.8833602,0.8367861,5
1,1,0,1,0.5137809,0.411251,0.7467921,0.699004,0.8367861,5
1,1,0,1,0.5137809,0.411251,0.7467921,0.2507565,0.8367861,5
1,1,0,1,0.5137809,0.411251,0.7467921,0.7692892,0.8367861,5
1,1,0,1,0.8110802,0.411251,0.7467921,0.5276703,0.8367861,5
1,1,0,1,0.8110802,0.411251,0.7467921,0.987696,0.8367861,5
1,1,0,1,0.8110802,0.411251,0.7467921,0.2918745,0.8367861,5
1,1,0,1,0.9697588,0.411251,0.7467921,0.1704935,0.8367861,5
1,1,0,1,0.9697588,0.411251,0.7467921,0.6378624,0.8367861,5
1,1,0,1,0.9697588,0.411251,0.7467921,0.7966446,0.8367861,5
1,1,0,1,0.9697588,0.411251,0.7467921,0.2988944,0.8367861,5
1,1,0,1,0.8990921,0.411251,0.7467921,0.9095984,0.8367861,5
1,1,0,1,0.8110802,0.411251,0.7467921,0.0958776,0.8367861,5
1,1,0,1,0.8110802,0.411251,0.7467921,0.4725405,0.8367861,5
1,1,0,1,0.8110802,0.411251,0.7467921,0.2063223,0.8367861,5
1,1,0,1,0.8110802,0.411251,0.7467921,0.5215257,0.8367861,5
1,1,0,1,0.9697588,0.411251,0.7467921,0.7742763,0.8367861,5
1,1,0,1,0.9697588,0.411251,0.7467921,0.9210804,0.8367861,5
1,1,0,1,0.9697588,0.411251,0.7467921,0.9842205,0.8367861,5
1,1,0,1,0.5137809,0.411251,0.7467921,0.8707663,0.8367861,5
1,1,0,1,0.5137809,0.411251,0.7467921,0.929407,0.8367861,5
1,1,0,1,0.5137809,0.411251,0.7467921,0.7003333,0.8367861,5
1,1,0,1,0.8110802,0.411251,0.7467921,0.9912638,0.8367861,5
1,1,0,1,0.8110802,0.411251,0.7467921,0.3144471,0.8367861,5
1,1,0,1,0.8110802,0.411251,0.7467921,0.5535235,0.8367861,5
1,1,0,1,0.8110802,0.411251,0.7467921,0.6559752,0.8367861,5
1,1,0,1,0.8110802,0.411251,0.7467921,0.1715594,0.8367861,5
1,1,0,1,0.8110802,0.411251,0.7467921,0.5298924,0.8367861,5
1,1,0,1,0.8110802,0.411251,0.7467921,0.7825877,0.8367861,5
1,1,0,1,0.8110802,0.411251,0.7467921,0.6907361,0.8367861,5
1,1,0,1,0.8110802,0.411251,0.7467921,0.30615,0.8367861,5
1,1,0,1,0.8110802,0.411251,0.7467921,0.4235938,0.8367861,5
1,1,0,1,0.5137809,0.411251,0.7467921,0.2845726,0.8367861,5
1,1,0,1,0.5137809,0.411251,0.7467921,0.3092347,0.8367861,5
1,1,0,1,0.5137809,0.411251,0.7467921,0.8178193,0.8367861,5
1,1,0,1,0.5137809,0.411251,0.7467921,0.6725431,0.8367861,5
1,1,0,1,0.5137809,0.411251,0.7467921,0.9884039,0.8367861,5
1,1,0,1,0.5137809,0.411251,0.7467921,0.5988403,0.8367861,5
1,1,0,1,0.5137809,0.411251,0.7467921,0.5325679,0.8367861,5
1,1,0,1,0.5137809,0.411251,0.7467921,0.8421679,0.8367861,5
1,1,0,1,0.5137809,0.411251,0.7467921,0.0237038,0.8367861,5
1,1,0,1,0.5137809,0.411251,0.7467921,0.3468655,0.8367861,5
1,1,0,1,0.8110802,0.411251,0.7467921,0.7914465,0.8367861,5
1,1,0,1,0.8110802,0.411251,0.7467921,0.3482344,0.8367861,5
1,1,0,1,0.8110802,0.411251,0.7467921,0.3048244,0.8367861,5
1,1,0,1,0.8110802,0.411251,0.7467921,0.5112039,0.8367861,5
1,1,0,1,0.8110802,0.411251,0.7467921,0.3172622,0.8367861,5
1,1,0,1,0.8110802,0.411251,0.7467921,0.0982521,0.8367861,5
1,1,0,1,0.8110802,0.411251,0.7467921,0.370146,0.8367861,5
1,1,0,1,0.9697588,0.411251,0.7467921,0.212568,0.8367861,5
1,1,0,1,0.9697588,0.411251,0.7467921,0.6957164,0.8367861,5
1,1,0,1,0.9697588,0.411251,0.7467921,0.0484613,0.8367861,5
1,1,0,1,0.5137809,0.411251,0.7467921,0.0465145,0.8367861,5
1,1,0,1,0.5137809,0.411251,0.7467921,0.4724084,0.8367861,5
1,1,0,1,0.8110802,0.411251,0.7467921,0.852071,0.8367861,5
1,1,0,1,0.8110802,0.411251,0.7467921,0.9064106,0.8367861,5
1,1,0,1,0.8110802,0.411251,0.7467921,0.6983003,0.8367861,5
1,1,0,1,0.8110802,0.411251,0.7467921,0.1290768,0.8367861,5
1,1,0,1,0.8110802,0.411251,0.7467921,0.0021317,0.8367861,5
1,1,0,1,0.8110802,0.411251,0.7467921,0.4041346,0.8367861,5
1,1,0,1,0.8110802,0.411251,0.7467921,0.409919,0.8367861,5
1,1,0,1,0.8110802,0.411251,0.7467921,0.0363176,0.8367861,5
1,1,0,1,0.8110802,0.411251,0.7467921,0.9339871,0.8367861,5
1,1,0,1,0.8110802,0.411251,0.7467921,0.7189204,0.8367861,5
1,1,0,1,0.8110802,0.411251,0.7467921,0.6705783,0.8367861,5
1,1,0,1,0.8110802,0.411251,0.7467921,0.4711762,0.8367861,5
1,1,0,1,0.8110802,0.411251,0.7467921,0.5913088,0.8367861,5
1,1,0,1,0.8110802,0.411251,0.7467921,0.6834627,0.8367861,5
1,1,0,1,0.8110802,0.411251,0.7467921,0.879589,0.8367861,5
1,1,0,1,0.5137809,0.411251,0.7467921,0.1930852,0.8367861,5
1,1,0,1,0.5137809,0.411251,0.7467921,0.4328359,0.8367861,5
1,1,0,1,0.5137809,0.411251,0.7467921,0.7207522,0.8367861,5
1,1,0,1,0.5137809,0.411251,0.7467921,0.693891,0.8367861,5
1,1,0,1,0.5137809,0.411251,0.7467921,0.5558983,0.8367861,5
1,1,0,1,0.5137809,0.411251,0.7467921,0.5122717,0.8367861,5
1,1,0,1,0.5137809,0.411251,0.7467921,0.4135161,0.8367861,5
1,1,0,1,0.8990921,0.411251,0.7467921,0.9817016,0.8367861,5
1,1,0,1,0.8990921,0.411251,0.7467921,0.7642796,0.8367861,5
1,1,0,1,0.8990921,0.411251,0.7467921,0.6279232,0.8367861,5
1,1,0,1,0.8990921,0.411251,0.7467921,0.9013493,0.8367861,5
1,1,0,1,0.8990921,0.411251,0.7467921,0.7626832,0.8367861,5
1,1,0,1,0.8990921,0.411251,0.7467921,0.1165992,0.8367861,5
1,1,0,1,0.8990921,0.411251,0.7467921,0.0477614,0.8367861,5
1,1,0,1,0.8990921,0.411251,0.7467921,0.1084203,0.8367861,5
1,1,0,1,0.8990921,0.411251,0.7467921,0.48229,0.8367861,5
1,1,0,1,0.5137809,0.411251,0.7467921,0.3846375,0.8367861,5
1,1,0,1,0.5137809,0.411251,0.7467921,0.081025,0.8367861,5
1,1,0,1,0.5137809,0.411251,0.7467921,0.5981244,0.8367861,5
1,1,0,1,0.5137809,0.411251,0.7467921,0.6788532,0.8367861,5
1,1,0,1,0.5137809,0.411251,0.7467921,0.0521193,0.8367861,5
1,1,0,1,0.5137809,0.411251,0.7467921,0.6734539,0.8367861,5
1,1,0,1,0.8110802,0.411251,0.7467921,0.3414381,0.8367861,5
1,1,0,1,0.8110802,0.411251,0.7467921,0.6049294,0.8367861,5
1,1,0,1,0.9697588,0.411251,0.7467921,0.8989498,0.8367861,5
1,1,0,1,0.9697588,0.411251,0.7467921,0.3267858,0.8367861,5
1,1,0,1,0.9697588,0.411251,0.7467921,0.6197993,0.8367861,5
1,1,0,1,0.8990921,0.411251,0.7467921,0.1718096,0.8367861,5
1,1,0,1,0.8990921,0.411251,0.7467921,0.6610515,0.8367861,5
1,1,0,1,0.8990921,0.411251,0.7467921,0.3868994,0.8367861,5
1,1,0,1,0.8990921,0.411251,0.7467921,0.6910821,0.8367861,5
1,1,0,1,0.8110802,0.411251,0.7467921,0.8011903,0.8367861,5
1,1,0,1,0.5137809,0.411251,0.7467921,0.6853288,0.8367861,5
1,1,0,1,0.8110802,0.411251,0.7467921,0.4679765,0.8367861,5
1,1,0,1,0.8110802,0.411251,0.7467921,0.4489834,0.8367861,5
1,1,0,1,0.8110802,0.411251,0.7467921,0.7546287,0.8367861,5
1,1,0,1,0.5137809,0.411251,0.7467921,0.5791469,0.8367861,5
1,1,0,1,0.5137809,0.411251,0.7467921,0.2242104,0.8367861,5
1,1,0,1,0.5137809,0.411251,0.7467921,0.0132916,0.8367861,5
1,1,0,1,0.5137809,0.411251,0.7467921,0.7362545,0.8367861,5
1,1,0,1,0.5137809,0.411251,0.7467921,0.4313495,0.8367861,5
1,1,0,1,0.5137809,0.411251,0.7467921,0.7673366,0.8367861,5
1,1,0,1,0.5137809,0.411251,0.7467921,0.4213852,0.8367861,5
1,1,0,1,0.5137809,0.411251,0.7467921,0.3718448,0.8367861,5
1,1,0,1,0.5137809,0.411251,0.7467921,0.9635961,0.8367861,5
1,1,0,1,0.5137809,0.411251,0.7467921,0.49823,0.8367861,5
1,1,0,1,0.5137809,0.411251,0.7467921,0.3600202,0.8367861,5
1,1,0,1,0.5137809,0.411251,0.7467921,0.1980309,0.8367861,5
1,1,0,1,0.5137809,0.411251,0.7467921,0.2304627,0.8367861,5
1,1,0,1,0.5137809,0.411251,0.7467921,0.6723935,0.8367861,5
1,1,0,1,0.5137809,0.411251,0.7467921,0.2811815,0.8367861,4
1,1,0,1,0.5137809,0.411251,0.7467921,0.9127613,0.8367861,5
1,1,0,1,0.5137809,0.411251,0.7467921,0.17679,0.8367861,5
1,1,0,1,0.5137809,0.411251,0.7467921,0.5542303,0.8367861,5
1,1,0,1,0.5137809,0.411251,0.7467921,0.3425558,0.8367861,5
1,1,0,1,0.5137809,0.411251,0.7467921,0.4119869,0.8367861,5
1,1,0,1,0.5137809,0.411251,0.7467921,0.376799,0.8367861,5
1,1,0,1,0.5137809,0.411251,0.7467921,0.836977,0.8367861,5
1,1,0,1,0.8110802,0.411251,0.7467921,0.1427693,0.8367861,5
1,1,0,1,0.8110802,0.411251,0.7467921,0.4685602,0.8367861,5
1,1,0,1,0.8110802,0.411251,0.7467921,0.1234796,0.8367861,5
1,1,0,1,0.9697588,0.411251,0.7467921,0.4546439,0.8367861,5
1,1,0,1,0.9697588,0.411251,0.7467921,0.4732511,0.8367861,5
1,1,0,1,0.5137809,0.411251,0.7467921,0.3001819,0.8367861,5
1,1,0,1,0.5137809,0.411251,0.7467921,0.9563692,0.8367861,5
1,1,0,1,0.8110802,0.411251,0.7467921,0.2939593,0.8367861,5
1,1,0,1,0.8110802,0.411251,0.7467921,0.3955953,0.8367861,5
1,1,0,1,0.8110802,0.411251,0.7467921,0.9664961,0.8367861,5
1,1,0,1,0.8110802,0.411251,0.7467921,0.6575127,0.8367861,5
1,1,0,1,0.8110802,0.411251,0.7467921,0.0956871,0.8367861,5
1,1,0,1,0.5137809,0.411251,0.7467921,0.8311589,0.8367861,5
1,1,0,1,0.5137809,0.411251,0.7467921,0.3862169,0.8367861,5
1,1,0,1,0.5137809,0.411251,0.7467921,0.1475614,0.8367861,5
1,1,0,1,0.5137809,0.411251,0.7467921,0.0031486,0.8367861,5
1,1,0,1,0.5137809,0.411251,0.7467921,0.345498,0.8367861,5
1,1,0,1,0.8990921,0.411251,0.7467921,0.8574768,0.8367861,5
1,1,0,1,0.8990921,0.411251,0.7467921,0.8083661,0.8367861,5
1,1,0,1,0.5137809,0.411251,0.7467921,0.6716881,0.8367861,5
1,1,0,1,0.5137809,0.411251,0.7467921,0.0288283,0.8367861,5
1,1,0,1,0.5137809,0.411251,0.7467921,0.8469745,0.8367861,5
1,1,0,1,0.5137809,0.411251,0.7467921,0.2579365,0.8367861,5
1,1,0,1,0.5137809,0.411251,0.7467921,0.6910592,0.8367861,5
1,1,0,1,0.5137809,0.411251,0.7467921,0.2460299,0.8367861,5
1,1,0,1,0.5137809,0.411251,0.7467921,0.9556429,0.8367861,5
1,1,0,1,0.5137809,0.411251,0.7467921,0.1485496,0.8367861,5
1,1,0,1,0.5137809,0.411251,0.7467921,0.3783947,0.8367861,5
1,1,0,1,0.5137809,0.411251,0.7467921,0.1990213,0.8367861,5
1,1,0,1,0.5137809,0.411251,0.7467921,0.1132033,0.8367861,5
1,1,0,1,0.5137809,0.411251,0.7467921,0.2404236,0.8367861,5
1,1,0,1,0.5137809,0.411251,0.7467921,0.5148271,0.8367861,5
1,1,0,1,0.5137809,0.411251,0.7467921,0.4736608,0.8367861,5
1,1,0,1,0.8110802,0.411251,0.7467921,0.7321645,0.8367861,5
1,1,0,1,0.8110802,0.411251,0.7467921,0.3561689,0.8367861,5
1,1,0,1,0.8110802,0.411251,0.7467921,0.3237338,0.8367861,5
1,1,0,1,0.8110802,0.411251,0.7467921,0.4399797,0.8367861,5
1,1,0,1,0.9697588,0.411251,0.7467921,0.236002,0.8367861,5
1,1,0,1,0.9697588,0.411251,0.7467921,0.2194477,0.8367861,5
1,1,0,1,0.9697588,0.411251,0.7467921,0.2932296,0.8367861,5
1,1,0,1,0.8110802,0.411251,0.7467921,0.7396096,0.8367861,5
1,1,0,1,0.9697588,0.411251,0.7467921,0.4081005,0.8367861,5
1,1,0,1,0.9697588,0.411251,0.7467921,0.9183046,0.8367861,5
1,1,0,1,0.5137809,0.411251,0.7467921,0.8136267,0.8367861,5
1,1,0,1,0.5137809,0.411251,0.7467921,0.1665191,0.8367861,5
1,1,0,1,0.8110802,0.411251,0.7467921,0.8004098,0.8367861,5
1,1,0,1,0.8110802,0.411251,0.7467921,0.1719414,0.8367861,5
1,1,0,1,0.8110802,0.411251,0.7467921,0.4330161,0.8367861,5
1,1,0,1,0.8110802,0.411251,0.7467921,0.6333624,0.8367861,5
1,1,0,1,0.8110802,0.411251,0.7467921,0.8823901,0.8367861,5
1,1,0,1,0.8110802,0.411251,0.7467921,0.6016024,0.8367861,5
1,1,0,1,0.8110802,0.411251,0.7467921,0.5058947,0.8367861,5
1,1,0,1,0.8110802,0.411251,0.7467921,0.7160519,0.8367861,5
1,1,0,1,0.8110802,0.411251,0.7467921,0.0956871,0.8367861,5
1,1,0,1,0.5137809,0.411251,0.7467921,0.1541128,0.8367861,5
1,1,0,1,0.5137809,0.411251,0.7467921,0.4658844,0.8367861,5
1,1,0,1,0.5137809,0.411251,0.7467921,0.3588589,0.8367861,5
1,1,0,1,0.5137809,0.411251,0.7467921,0.6301533,0.8367861,5
1,1,0,1,0.5137809,0.411251,0.7467921,0.2607391,0.8367861,5
1,1,0,1,0.5137809,0.411251,0.7467921,0.2631289,0.8367861,5
1,1,0,1,0.5137809,0.411251,0.7467921,0.2265757,0.8367861,5
1,1,0,1,0.5137809,0.411251,0.7467921,0.8090206,0.8367861,5
1,1,0,1,0.5137809,0.411251,0.7467921,0.5899124,0.8367861,5
1,1,0,1,0.5137809,0.411251,0.7467921,0.0758367,0.8367861,5
1,1,0,1,0.5137809,0.411251,0.7467921,0.7631088,0.8367861,5
1,1,0,1,0.5137809,0.411251,0.7467921,0.1147844,0.8367861,5
1,1,0,1,0.8990921,0.411251,0.7467921,0.7763888,0.8367861,5
1,1,0,1,0.5137809,0.411251,0.7467921,0.6533467,0.8367861,5
1,1,0,1,0.5137809,0.411251,0.7467921,0.9201324,0.8367861,5
1,1,0,1,0.5137809,0.411251,0.7467921,0.2939352,0.8367861,5
1,1,0,1,0.5137809,0.411251,0.7467921,0.1708877,0.8367861,5
1,1,0,1,0.5137809,0.411251,0.7467921,0.0490859,0.8367861,5
1,1,0,1,0.5137809,0.411251,0.7467921,0.3059122,0.8367861,5
1,1,0,1,0.5137809,0.411251,0.7467921,0.3590963,0.8367861,5
1,1,0,1,0.8110802,0.411251,0.7467921,0.5640446,0.8367861,5
1,1,0,1,0.8110802,0.411251,0.7467921,0.7957926,0.8367861,5
1,1,0,1,0.8110802,0.411251,0.7467921,0.2966006,0.8367861,5
1,1,0,1,0.8110802,0.411251,0.7467921,0.502888,0.8367861,5
1,1,0,1,0.9697588,0.411251,0.7467921,0.3623633,0.8367861,5
1,1,0,1,0.9697588,0.411251,0.7467921,0.7625351,0.8367861,5
1,1,0,1,0.8110802,0.411251,0.7467921,0.3463095,0.8367861,5
1,1,0,1,0.8110802,0.411251,0.7467921,0.4713301,0.8367861,5
1,1,0,1,0.9697588,0.411251,0.7467921,0.6035808,0.8367861,5
1,1,0,1,0.5137809,0.411251,0.7467921,0.7880152,0.8367861,5
1,1,0,1,0.5137809,0.411251,0.7467921,0.8112934,0.8367861,5
1,1,0,1,0.5137809,0.411251,0.7467921,0.325287,0.8367861,5
1,1,0,1,0.8110802,0.411251,0.7467921,0.9709196,0.8367861,5
1,1,0,1,0.8110802,0.411251,0.7467921,0.9050861,0.8367861,5
1,1,0,1,0.8110802,0.411251,0.7467921,0.2368632,0.8367861,5
1,1,0,1,0.8110802,0.411251,0.7467921,0.2972939,0.8367861,5
1,1,0,1,0.8110802,0.411251,0.7467921,0.0599267,0.8367861,5
1,1,0,1,0.8110802,0.411251,0.7467921,0.6870913,0.8367861,5
1,1,0,1,0.5137809,0.411251,0.7467921,0.6524757,0.8367861,5
1,1,0,1,0.5137809,0.411251,0.7467921,0.3588589,0.8367861,5
1,1,0,1,0.5137809,0.411251,0.7467921,0.7557468,0.8367861,5
1,1,0,1,0.5137809,0.411251,0.7467921,0.6061098,0.8367861,5
1,1,0,1,0.5137809,0.411251,0.7467921,0.8063187,0.8367861,5
1,1,0,1,0.5137809,0.411251,0.7467921,0.2227501,0.8367861,5
1,1,0,1,0.5137809,0.411251,0.7467921,0.7397768,0.8367861,5
1,1,0,1,0.5137809,0.411251,0.7467921,0.1570777,0.8367861,5
1,1,0,1,0.5137809,0.411251,0.7467921,0.7621993,0.8367861,5
1,1,0,1,0.8110802,0.411251,0.7467921,0.4039604,0.8367861,5
1,1,0,1,0.8110802,0.411251,0.7467921,0.9111532,0.8367861,5
1,1,0,1,0.8110802,0.411251,0.7467921,0.7262888,0.8367861,5
1,1,0,1,0.8110802,0.411251,0.7467921,0.9743515,0.8367861,5
1,1,0,1,0.9697588,0.411251,0.7467921,0.1757807,0.8367861,5
1,1,0,1,0.9697588,0.411251,0.7467921,0.8842177,0.8367861,5
1,1,0,1,0.9697588,0.411251,0.7467921,0.9163162,0.8367861,5
1,1,0,1,0.9697588,0.411251,0.7467921,0.2035662,0.8367861,5
1,1,0,1,0.9697588,0.411251,0.7467921,0.8712949,0.8367861,5
1,1,0,1,0.9697588,0.411251,0.7467921,0.3822865,0.8367861,5
1,1,0,1,0.9697588,0.411251,0.7467921,0.4215387,0.8367861,5
1,1,0,1,0.5137809,0.411251,0.7467921,0.380035,0.8367861,5
1,1,0,1,0.8110802,0.411251,0.7467921,0.8997046,0.8367861,5
1,1,0,1,0.8110802,0.411251,0.7467921,0.2369537,0.8367861,5
1,1,0,1,0.8110802,0.411251,0.7467921,0.3082134,0.8367861,5
1,1,0,1,0.8110802,0.411251,0.7467921,0.9247139,0.8367861,5
1,1,0,1,0.8110802,0.411251,0.7467921,0.752811,0.8367861,5
1,1,0,1,0.8110802,0.411251,0.7467921,0.5626267,0.8367861,5
1,1,0,1,0.8110802,0.411251,0.7467921,0.4029521,0.8367861,5
1,1,0,1,0.5137809,0.411251,0.7467921,0.1564162,0.8367861,5
1,1,0,1,0.5137809,0.411251,0.7467921,0.7142383,0.8367861,5
1,1,0,1,0.5137809,0.411251,0.7467921,0.4216792,0.8367861,5
1,1,0,1,0.5137809,0.411251,0.7467921,0.5793018,0.8367861,5
1,1,0,1,0.5137809,0.411251,0.7467921,0.8879704,0.8367861,5
1,1,0,1,0.5137809,0.411251,0.7467921,0.8217084,0.8367861,5
1,1,0,1,0.5137809,0.411251,0.7467921,0.5801746,0.8367861,5
1,1,0,1,0.5137809,0.411251,0.7467921,0.6887235,0.8367861,5
1,1,0,1,0.5137809,0.411251,0.7467921,0.1891887,0.8367861,5
1,1,0,1,0.5137809,0.411251,0.7467921,0.1541457,0.8367861,5
1,1,0,1,0.5137809,0.411251,0.7467921,0.0603665,0.8367861,5
1,1,0,1,0.5137809,0.411251,0.7467921,0.0394693,0.8367861,5
1,1,0,1,0.5137809,0.411251,0.7467921,0.5266396,0.8367861,5
1,1,0,1,0.5137809,0.411251,0.7467921,0.3071902,0.8367861,5
1,1,0,1,0.5137809,0.411251,0.7467921,0.2207503,0.8367861,5
1,1,0,1,0.8990921,0.411251,0.7467921,0.6014523,0.8367861,5
1,1,0,1,0.8990921,0.411251,0.7467921,0.8131068,0.8367861,5
1,1,0,1,0.8990921,0.411251,0.7467921,0.7499166,0.8367861,5
1,1,0,1,0.5137809,0.411251,0.7467921,0.4896538,0.8367861,5
1,1,0,1,0.5137809,0.411251,0.7467921,0.0119772,0.8367861,5
1,1,0,1,0.5137809,0.411251,0.7467921,0.1606135,0.8367861,5
1,1,0,1,0.5137809,0.411251,0.7467921,0.7337195,0.8367861,5
1,1,0,1,0.5137809,0.411251,0.7467921,0.0307028,0.8367861,5
1,1,0,1,0.5137809,0.411251,0.7467921,0.2700949,0.8367861,5
1,1,0,1,0.5137809,0.411251,0.7467921,0.4067608,0.8367861,5
1,1,0,1,0.5137809,0.411251,0.7467921,0.5834035,0.8367861,5
1,1,0,1,0.5137809,0.411251,0.7467921,0.9685507,0.8367861,5
1,1,0,1,0.5137809,0.411251,0.7467921,0.6910592,0.8367861,5
1,1,0,1,0.5137809,0.411251,0.7467921,0.1316675,0.8367861,5
1,1,0,1,0.5137809,0.411251,0.7467921,0.888941,0.8367861,5
1,1,0,1,0.5137809,0.411251,0.7467921,0.3083712,0.8367861,5
1,1,0,1,0.5137809,0.411251,0.7467921,0.591727,0.8367861,5
1,1,0,1,0.5137809,0.411251,0.7467921,0.914634,0.8367861,5
1,1,0,1,0.5137809,0.411251,0.7467921,0.4421953,0.8367861,5
1,1,0,1,0.5137809,0.411251,0.7467921,0.9241744,0.8367861,5
1,1,0,1,0.5137809,0.411251,0.7467921,0.3918919,0.8367861,5
1,1,0,1,0.8110802,0.411251,0.7467921,0.1128313,0.8367861,5
1,1,0,1,0.8110802,0.411251,0.7467921,0.8224579,0.8367861,5
1,1,0,1,0.9697588,0.411251,0.7467921,0.8341051,0.8367861,5
1,1,0,1,0.9697588,0.411251,0.7467921,0.2474445,0.8367861,5
1,1,0,1,0.9697588,0.411251,0.7467921,0.5400911,0.8367861,5
1,1,0,1,0.9697588,0.411251,0.7467921,0.1427693,0.8367861,5
1,1,0,1,0.9697588,0.411251,0.7467921,0.661466,0.8367861,5
1,1,0,1,0.4293306,0.411251,0.7467921,0.3779145,0.8367861,5
1,1,0,1,0.4293306,0.411251,0.7467921,0.6909179,0.8367861,5
1,1,0,1,0.4293306,0.411251,0.7467921,0.9018772,0.8367861,5
1,1,0,1,0.4293306,0.411251,0.7467921,0.5152384,0.8367861,5
1,1,0,1,0.4293306,0.411251,0.7467921,0.0649323,0.8367861,5
1,1,0,1,0.3173684,0.411251,0.7467921,0.2190118,0.8367861,5
1,1,0,1,0.3173684,0.411251,0.7467921,0.4189915,0.8367861,5
1,1,0,1,0.3173684,0.411251,0.7467921,0.6709689,0.8367861,5
1,1,0,1,0.3173684,0.411251,0.7467921,0.5317931,0.8367861,5
1,1,0,1,0.3173684,0.411251,0.7467921,0.5743554,0.8367861,5
1,1,0,1,0.3173684,0.411251,0.7467921,0.3483559,0.8367861,5
1,1,0,1,0.4293306,0.411251,0.7467921,0.9799762,0.8367861,5
1,1,0,1,0.4293306,0.411251,0.7467921,0.0424243,0.8367861,5
1,1,0,1,0.4293306,0.411251,0.7467921,0.9637392,0.8367861,5
1,1,0,1,0.4293306,0.411251,0.7467921,0.2344279,0.8367861,5
1,1,0,1,0.4293306,0.411251,0.7467921,0.4420165,0.8367861,5
1,1,0,1,0.4293306,0.411251,0.7467921,0.0974353,0.8367861,5
1,1,0,1,0.4293306,0.411251,0.7467921,0.7369097,0.8367861,5
1,1,0,1,0.4293306,0.411251,0.7467921,0.6383016,0.8367861,5
1,1,0,1,0.4293306,0.411251,0.7467921,0.1661148,0.8367861,5
1,1,0,1,0.3173684,0.411251,0.7467921,0.917164,0.8367861,5
1,1,0,1,0.4293306,0.411251,0.7467921,0.8712043,0.8367861,5
1,1,0,1,0.3173684,0.411251,0.7467921,0.0639658,0.8367861,5
1,1,0,1,0.3173684,0.411251,0.7467921,0.5076056,0.8367861,5
1,1,0,1,0.3173684,0.411251,0.7467921,0.6293829,0.8367861,5
1,1,0,1,0.9697588,0.411251,0.7467921,0.6120171,0.8367861,5
1,1,0,1,0.3173684,0.411251,0.7467921,0.965097,0.8367861,5
1,1,0,1,0.3173684,0.411251,0.7467921,0.5801746,0.8367861,5
1,1,0,1,0.3173684,0.411251,0.7467921,0.5747,0.8367861,5
1,1,0,1,0.3173684,0.411251,0.7467921,0.7250079,0.8367861,5
1,1,0,1,0.3173684,0.411251,0.7467921,0.8391896,0.8367861,5
1,1,0,1,0.3173684,0.411251,0.7467921,0.8166594,0.8367861,5
1,1,0,1,0.3173684,0.411251,0.7467921,0.6289618,0.8367861,5
1,1,0,1,0.3173684,0.411251,0.7467921,0.8139731,0.8367861,5
1,1,0,1,0.3173684,0.411251,0.7467921,0.0770461,0.8367861,5
1,1,0,1,0.3173684,0.411251,0.7467921,0.9772479,0.8367861,5
1,1,0,1,0.3173684,0.411251,0.7467921,0.2226953,0.8367861,5
1,1,0,1,0.3173684,0.411251,0.7467921,0.2081195,0.8367861,5
1,1,0,1,0.4293306,0.411251,0.7467921,0.0795603,0.8367861,5
1,1,0,1,0.9697588,0.411251,0.7467921,0.7281619,0.8367861,5
1,1,0,1,0.9697588,0.411251,0.7467921,0.6178309,0.8367861,5
1,1,0,1,0.9697588,0.411251,0.7467921,0.4273959,0.8367861,5
1,1,0,1,0.9697588,0.411251,0.7467921,0.8420908,0.8367861,5
1,1,0,1,0.9697588,0.411251,0.7467921,0.8229144,0.8367861,5
1,1,0,1,0.9697588,0.411251,0.7467921,0.6545981,0.8367861,5
1,1,0,1,0.9697588,0.411251,0.7467921,0.0054318,0.8367861,5
1,1,0,1,0.9697588,0.411251,0.7467921,0.0504797,0.8367861,5
1,1,0,1,0.3173684,0.411251,0.7467921,0.8912784,0.8367861,5
1,1,0,1,0.3173684,0.411251,0.7467921,0.2710469,0.8367861,5
1,1,0,1,0.3173684,0.411251,0.7467921,0.4184969,0.8367861,5
1,1,0,1,0.3173684,0.411251,0.7467921,0.7050499,0.8367861,5
1,1,0,1,0.3173684,0.411251,0.7467921,0.48904,0.8367861,5
1,1,0,1,0.4293306,0.411251,0.7467921,0.0673795,0.8367861,5
1,1,0,1,0.4293306,0.411251,0.7467921,0.6786014,0.8367861,5
1,1,0,0,0.9697588,0.6091574,0.7467921,0.2951428,0.8367861,5
1,1,0,1,0.4293306,0.411251,0.7467921,0.1665502,0.8367861,5
1,1,0,1,0.4293306,0.411251,0.7467921,0.2182274,0.8367861,5
1,1,0,1,0.4293306,0.411251,0.7467921,0.7817268,0.8367861,5
1,1,0,1,0.4293306,0.411251,0.7467921,0.601005,0.8367861,5
1,1,0,1,0.3173684,0.411251,0.7467921,0.3583842,0.8367861,5
1,1,0,1,0.3173684,0.411251,0.7467921,0.4263941,0.8367861,5
1,1,0,1,0.9697588,0.411251,0.7467921,0.2930135,0.8367861,5
1,1,0,1,0.3173684,0.411251,0.7467921,0.7625707,0.8367861,5
1,1,0,1,0.3173684,0.411251,0.7467921,0.3492008,0.8367861,5
1,1,0,1,0.3173684,0.411251,0.7467921,0.3008803,0.8367861,5
1,1,0,1,0.3173684,0.411251,0.7467921,0.888146,0.8367861,5
1,1,0,1,0.4293306,0.411251,0.7467921,0.580259,0.8367861,5
1,1,0,1,0.4293306,0.411251,0.7467921,0.1671904,0.8367861,5
1,1,0,1,0.4293306,0.411251,0.7467921,0.6242035,0.8367861,5
1,1,0,1,0.4293306,0.411251,0.7467921,0.723938,0.8367861,5
1,1,0,1,0.9697588,0.411251,0.7467921,0.3174303,0.8367861,5
1,1,0,1,0.9697588,0.411251,0.7467921,0.7695885,0.8367861,5
1,1,0,1,0.9697588,0.411251,0.7467921,0.51489,0.8367861,5
1,1,0,1,0.9697588,0.411251,0.7467921,0.8743786,0.8367861,5
1,1,0,1,0.9697588,0.411251,0.7467921,0.830841,0.8367861,5
1,1,0,1,0.9697588,0.411251,0.7467921,0.3389679,0.8367861,5
1,1,0,1,0.3173684,0.411251,0.7467921,0.6503408,0.8367861,5
1,1,0,1,0.3173684,0.411251,0.7467921,0.1195363,0.8367861,5
1,1,0,1,0.3173684,0.411251,0.7467921,0.6262265,0.8367861,5
1,1,0,1,0.3173684,0.411251,0.7467921,0.3955953,0.8367861,5
1,1,0,1,0.3173684,0.411251,0.7467921,0.6095069,0.8367861,5
1,1,0,1,0.3173684,0.411251,0.7467921,0.5038599,0.8367861,5
1,1,0,1,0.4293306,0.411251,0.7467921,0.8350303,0.8367861,5
1,1,0,1,0.4293306,0.411251,0.7467921,0.9077309,0.8367861,5
1,1,0,1,0.4293306,0.411251,0.7467921,0.0844469,0.8367861,5
1,1,0,1,0.4293306,0.411251,0.7467921,0.2267896,0.8367861,5
1,1,0,1,0.4293306,0.411251,0.7467921,0.814651,0.8367861,5
1,1,0,1,0.4293306,0.411251,0.7467921,0.4068918,0.8367861,5
1,1,0,1,0.4293306,0.411251,0.7467921,0.8756462,0.8367861,5
1,1,0,0,0.3173684,0.6091574,0.7467921,0.5148132,0.8367861,5
1,1,0,0,0.9697588,0.6091574,0.7467921,0.5192403,0.8367861,5
1,1,0,0,0.9697588,0.6091574,0.7467921,0.5255261,0.8367861,5
1,1,0,1,0.4293306,0.411251,0.7467921,0.2078394,0.8367861,5
1,1,0,1,0.4293306,0.411251,0.7467921,0.3255482,0.8367861,5
1,1,0,1,0.4293306,0.411251,0.7467921,0.9275177,0.8367861,5
1,1,0,1,0.4293306,0.411251,0.7467921,0.3990096,0.8367861,5
1,1,0,1,0.3173684,0.411251,0.7467921,0.010361,0.8367861,5
1,1,0,1,0.3173684,0.411251,0.7467921,0.2573651,0.8367861,5
1,1,0,1,0.9697588,0.411251,0.7467921,0.6859233,0.8367861,5
1,1,0,1,0.9697588,0.411251,0.7467921,0.9909895,0.8367861,5
1,1,0,1,0.3173684,0.411251,0.7467921,0.1259299,0.8367861,5
1,1,0,1,0.3173684,0.411251,0.7467921,0.6177274,0.8367861,5
1,1,0,1,0.3173684,0.411251,0.7467921,0.1569301,0.8367861,5
1,1,0,1,0.3173684,0.411251,0.7467921,0.9386807,0.8367861,5
1,1,0,1,0.3173684,0.411251,0.7467921,0.6460455,0.8367861,5
1,1,0,1,0.4293306,0.411251,0.7467921,0.2795042,0.8367861,5
1,1,0,1,0.4293306,0.411251,0.7467921,0.3761681,0.8367861,5
1,1,0,1,0.3173684,0.411251,0.7467921,0.0222983,0.8367861,5
1,1,0,1,0.4293306,0.411251,0.7467921,0.8368616,0.8367861,5
1,1,0,1,0.4293306,0.411251,0.7467921,0.0895979,0.8367861,5
1,1,0,1,0.4293306,0.411251,0.7467921,0.6966487,0.8367861,5
1,1,0,1,0.9697588,0.411251,0.7467921,0.0990422,0.8367861,5
1,1,0,1,0.9697588,0.411251,0.7467921,0.8873232,0.8367861,5
1,1,0,1,0.9697588,0.411251,0.7467921,0.9408539,0.8367861,5
1,1,0,1,0.9697588,0.411251,0.7467921,0.514173,0.8367861,5
1,1,0,1,0.9697588,0.411251,0.7467921,0.9059635,0.8367861,5
1,1,0,1,0.9697588,0.411251,0.7467921,0.7741498,0.8367861,5
1,1,0,1,0.9697588,0.411251,0.7467921,0.1615129,0.8367861,5
1,1,0,1,0.9697588,0.411251,0.7467921,0.2369537,0.8367861,5
1,1,0,1,0.9697588,0.411251,0.7467921,0.6937877,0.8367861,5
1,1,0,1,0.9697588,0.411251,0.7467921,0.1180573,0.8367861,5
1,1,0,1,0.9697588,0.411251,0.7467921,0.7466361,0.8367861,5
1,1,0,1,0.9697588,0.411251,0.7467921,0.8969641,0.8367861,5
1,1,0,1,0.9697588,0.411251,0.7467921,0.1700326,0.8367861,5
1,1,0,1,0.9697588,0.411251,0.7467921,0.3581702,0.8367861,5
1,1,0,1,0.9697588,0.411251,0.7467921,0.272373,0.8367861,5
1,1,0,1,0.3173684,0.411251,0.7467921,0.9062595,0.8367861,5
1,1,0,1,0.3173684,0.411251,0.7467921,0.0615605,0.8367861,5
1,1,0,1,0.3173684,0.411251,0.7467921,0.6318301,0.8367861,5
1,1,0,1,0.3173684,0.411251,0.7467921,0.1556979,0.8367861,5
1,1,0,1,0.3173684,0.411251,0.7467921,0.6475701,0.8367861,5
1,1,0,1,0.3173684,0.411251,0.7467921,0.5351247,0.8367861,5
1,1,0,1,0.3173684,0.411251,0.7467921,0.6672706,0.8367861,5
1,1,0,1,0.3173684,0.411251,0.7467921,0.7736392,0.8367861,5
1,1,0,1,0.4293306,0.411251,0.7467921,0.9243765,0.8367861,5
1,1,0,1,0.4293306,0.411251,0.7467921,0.6903921,0.8367861,5
1,1,0,1,0.4293306,0.411251,0.7467921,0.0592948,0.8367861,5
1,1,0,1,0.4293306,0.411251,0.7467921,0.4709307,0.8367861,5
1,1,0,1,0.4293306,0.411251,0.7467921,0.024056,0.8367861,5
1,1,0,1,0.4293306,0.411251,0.7467921,0.1473265,0.8367861,5
1,1,0,1,0.4293306,0.411251,0.7467921,0.8769264,0.8367861,5
1,1,0,1,0.4293306,0.411251,0.7467921,0.7843352,0.8367861,5
1,1,0,1,0.4293306,0.411251,0.7467921,0.6814321,0.8367861,5
1,1,0,1,0.4293306,0.411251,0.7467921,0.8312891,0.8367861,5
1,1,0,1,0.4293306,0.411251,0.7467921,0.1207976,0.8367861,5
1,1,0,1,0.4293306,0.411251,0.7467921,0.3066271,0.8367861,5
1,1,0,1,0.4293306,0.411251,0.7467921,0.9575234,0.8367861,5
1,1,0,1,0.4293306,0.411251,0.7467921,0.1218583,0.8367861,5
1,1,0,1,0.4293306,0.411251,0.7467921,0.1632427,0.8367861,5
1,1,0,1,0.4293306,0.411251,0.7467921,0.750648,0.8367861,5
1,1,0,1,0.4293306,0.411251,0.7467921,0.1157221,0.8367861,5
1,1,0,1,0.4293306,0.411251,0.7467921,0.4430684,0.8367861,5
1,1,0,1,0.4293306,0.411251,0.7467921,0.4048191,0.8367861,5
1,1,0,1,0.4293306,0.411251,0.7467921,0.5011858,0.8367861,5
1,1,0,1,0.3173684,0.411251,0.7467921,0.8997748,0.8367861,5
1,1,0,1,0.3173684,0.411251,0.7467921,0.3000562,0.8367861,5
1,1,0,1,0.3173684,0.411251,0.7467921,0.7500319,0.8367861,5
1,1,0,1,0.3173684,0.411251,0.7467921,0.5581904,0.8367861,5
1,1,0,1,0.4293306,0.411251,0.7467921,0.0691693,0.8367861,5
1,1,0,1,0.4293306,0.411251,0.7467921,0.3343406,0.8367861,5
1,1,0,1,0.4293306,0.411251,0.7467921,0.5319236,0.8367861,5
1,1,0,1,0.4293306,0.411251,0.7467921,0.5500575,0.8367861,5
1,1,0,1,0.4293306,0.411251,0.7467921,0.5104629,0.8367861,5
1,1,0,1,0.4293306,0.411251,0.7467921,0.3763784,0.8367861,5
1,1,0,1,0.4293306,0.411251,0.7467921,0.9661947,0.8367861,5
1,1,0,1,0.4293306,0.411251,0.7467921,0.0683515,0.8367861,5
1,1,0,1,0.3173684,0.411251,0.7467921,0.1865161,0.8367861,5
1,1,0,1,0.3173684,0.411251,0.7467921,0.3363135,0.8367861,5
1,1,0,1,0.3173684,0.411251,0.7467921,0.1027116,0.8367861,5
1,1,0,1,0.9697588,0.411251,0.7467921,0.5345674,0.8367861,5
1,1,0,1,0.3173684,0.411251,0.7467921,0.7742763,0.8367861,5
1,1,0,1,0.3173684,0.411251,0.7467921,0.7665901,0.8367861,5
1,1,0,1,0.3173684,0.411251,0.7467921,0.5961841,0.8367861,5
1,1,0,1,0.3173684,0.411251,0.7467921,0.9413566,0.8367861,5
1,1,0,1,0.3173684,0.411251,0.7467921,0.533619,0.8367861,5
1,1,0,1,0.3173684,0.411251,0.7467921,0.5130396,0.8367861,5
1,1,0,1,0.3173684,0.411251,0.7467921,0.4947476,0.8367861,5
1,1,0,1,0.3173684,0.411251,0.7467921,0.970289,0.8367861,5
1,1,0,1,0.3173684,0.411251,0.7467921,0.2284176,0.8367861,5
1,1,0,1,0.4293306,0.411251,0.7467921,0.0184605,0.8367861,5
1,1,0,1,0.4293306,0.411251,0.7467921,0.8208556,0.8367861,5
1,1,0,1,0.4293306,0.411251,0.7467921,0.8540763,0.8367861,5
1,1,0,1,0.4293306,0.411251,0.7467921,0.5060054,0.8367861,5
1,1,0,1,0.4293306,0.411251,0.7467921,0.5807551,0.8367861,5
1,1,0,1,0.3173684,0.411251,0.7467921,0.477256,0.8367861,5
1,1,0,1,0.3173684,0.411251,0.7467921,0.1885827,0.8367861,5
1,1,0,1,0.4293306,0.411251,0.7467921,0.7448524,0.8367861,5
1,1,0,1,0.9697588,0.411251,0.7467921,0.268951,0.8367861,5
1,1,0,1,0.9697588,0.411251,0.7467921,0.9433583,0.8367861,5
1,1,0,1,0.9697588,0.411251,0.7467921,0.2993604,0.8367861,5
1,1,0,1,0.9697588,0.411251,0.7467921,0.1703106,0.8367861,5
1,1,0,1,0.9697588,0.411251,0.7467921,0.2711694,0.8367861,5
1,1,0,1,0.9697588,0.411251,0.7467921,0.3240745,0.8367861,5
1,1,0,1,0.9697588,0.411251,0.7467921,0.8208299,0.8367861,5
1,1,0,1,0.9697588,0.411251,0.7467921,0.5555622,0.8367861,5
1,1,0,1,0.9697588,0.411251,0.7467921,0.2144653,0.8367861,5
1,1,0,1,0.9697588,0.411251,0.7467921,0.5757274,0.8367861,5
1,1,0,1,0.3173684,0.411251,0.7467921,0.2679526,0.8367861,5
1,1,0,1,0.3173684,0.411251,0.7467921,0.7426232,0.8367861,5
1,1,0,1,0.3173684,0.411251,0.7467921,0.7127344,0.8367861,5
1,1,0,1,0.4293306,0.411251,0.7467921,0.2260268,0.8367861,5
1,1,0,1,0.4293306,0.411251,0.7467921,0.6107867,0.8367861,5
1,1,0,1,0.4293306,0.411251,0.7467921,0.2194262,0.8367861,5
1,1,0,1,0.4293306,0.411251,0.7467921,0.5045796,0.8367861,5
1,1,0,1,0.4293306,0.411251,0.7467921,0.4252207,0.8367861,5
1,1,0,1,0.3173684,0.411251,0.7467921,0.6430378,0.8367861,5
1,1,0,1,0.4293306,0.411251,0.7467921,0.130203,0.8367861,5
1,1,0,1,0.4293306,0.411251,0.7467921,0.8809747,0.8367861,5
1,1,0,1,0.4293306,0.411251,0.7467921,0.6083439,0.8367861,5
1,1,0,1,0.9697588,0.411251,0.7467921,0.2362813,0.8367861,5
1,1,0,1,0.9697588,0.411251,0.7467921,0.7737202,0.8367861,5
1,1,0,1,0.9697588,0.411251,0.7467921,0.4824206,0.8367861,5
1,1,0,1,0.9697588,0.411251,0.7467921,0.1746868,0.8367861,5
1,1,0,1,0.9697588,0.411251,0.7467921,0.3686382,0.8367861,5
1,1,0,1,0.9697588,0.411251,0.7467921,0.0973327,0.8367861,5
1,1,0,1,0.4293306,0.411251,0.7467921,0.3724313,0.8367861,5
1,1,0,1,0.3173684,0.411251,0.7467921,0.200885,0.8367861,5
1,1,0,1,0.3173684,0.411251,0.7467921,0.7005375,0.8367861,5
1,1,0,1,0.4293306,0.411251,0.7467921,0.5049716,0.8367861,5
1,1,0,1,0.4293306,0.411251,0.7467921,0.3798307,0.8367861,5
1,1,0,1,0.4293306,0.411251,0.7467921,0.8259176,0.8367861,5
1,1,0,1,0.4293306,0.411251,0.7467921,0.2198518,0.8367861,5
1,1,0,1,0.4293306,0.411251,0.7467921,0.9575234,0.8367861,5
1,1,0,1,0.4293306,0.411251,0.7467921,0.084672,0.8367861,5
1,1,0,1,0.4293306,0.411251,0.7467921,0.6848886,0.8367861,5
1,1,0,1,0.4293306,0.411251,0.7467921,0.9587437,0.8367861,5
1,1,0,1,0.3173684,0.411251,0.7467921,0.1959398,0.8367861,5
1,1,0,1,0.4293306,0.411251,0.7467921,0.8944055,0.8367861,5
1,1,0,1,0.4293306,0.411251,0.7467921,0.3037483,0.8367861,5
1,1,0,1,0.9697588,0.411251,0.7467921,0.9027639,0.8367861,5
1,1,0,1,0.3173684,0.411251,0.7467921,0.3147112,0.8367861,5
1,1,0,1,0.3173684,0.411251,0.7467921,0.3583244,0.8367861,5
1,1,0,1,0.3173684,0.411251,0.7467921,0.9536647,0.8367861,5
1,1,0,1,0.3173684,0.411251,0.7467921,0.3050305,0.8367861,5
1,1,0,1,0.4293306,0.411251,0.7467921,0.4244994,0.8367861,5
1,1,0,1,0.3173684,0.411251,0.7467921,0.8345945,0.8367861,5
1,1,0,1,0.9697588,0.411251,0.7467921,0.7026097,0.8367861,5
1,1,0,1,0.9697588,0.411251,0.7467921,0.9125732,0.8367861,5
1,1,0,1,0.9697588,0.411251,0.7467921,0.0116561,0.8367861,5
1,1,0,1,0.3173684,0.411251,0.7467921,0.5853816,0.8367861,5
1,1,0,1,0.3173684,0.411251,0.7467921,0.8696585,0.8367861,5
1,1,0,1,0.4293306,0.411251,0.7467921,0.6134928,0.8367861,5
1,1,0,1,0.4293306,0.411251,0.7467921,0.6903921,0.8367861,5
1,1,0,1,0.4293306,0.411251,0.7467921,0.6334701,0.8367861,5
1,1,0,1,0.4293306,0.411251,0.7467921,0.8141516,0.8367861,5
1,1,0,1,0.4293306,0.411251,0.7467921,0.9768623,0.8367861,5
1,1,0,1,0.4293306,0.411251,0.7467921,0.0949711,0.8367861,5
1,1,0,1,0.4293306,0.411251,0.7467921,0.4021603,0.8367861,5
1,1,0,1,0.4293306,0.411251,0.7467921,0.9508844,0.8367861,5
1,1,0,1,0.4293306,0.411251,0.7467921,0.5583158,0.8367861,5
1,1,0,1,0.4293306,0.411251,0.7467921,0.6996545,0.8367861,5
1,1,0,1,0.4293306,0.411251,0.7467921,0.8124139,0.8367861,5
1,1,0,1,0.4293306,0.411251,0.7467921,0.116662,0.8367861,5
1,1,0,1,0.4293306,0.411251,0.7467921,0.1378191,0.8367861,5
1,1,0,1,0.4293306,0.411251,0.7467921,0.9648128,0.8367861,5
1,1,0,1,0.4293306,0.411251,0.7467921,0.1661148,0.8367861,5
1,1,0,1,0.3173684,0.411251,0.7467921,0.7912824,0.8367861,5
1,1,0,1,0.4293306,0.411251,0.7467921,0.8367331,0.8367861,5
1,1,0,1,0.4293306,0.411251,0.7467921,0.7362043,0.8367861,5
1,1,0,1,0.4293306,0.411251,0.7467921,0.4168009,0.8367861,5
1,1,0,1,0.4293306,0.411251,0.7467921,0.3231721,0.8367861,5
1,1,0,1,0.4293306,0.411251,0.7467921,0.9798615,0.8367861,5
1,1,0,1,0.3173684,0.411251,0.7467921,0.1406747,0.8367861,5
1,1,0,1,0.4293306,0.411251,0.7467921,0.2098794,0.8367861,5
1,1,0,1,0.4293306,0.411251,0.7467921,0.5602191,0.8367861,5
1,1,0,1,0.3173684,0.411251,0.7467921,0.0708408,0.8367861,5
1,1,0,1,0.3173684,0.411251,0.7467921,0.2851756,0.8367861,5
1,1,0,1,0.3173684,0.411251,0.7467921,0.0810504,0.8367861,5
1,1,0,1,0.9697588,0.411251,0.7467921,0.725261,0.8367861,5
1,1,0,1,0.3173684,0.411251,0.7467921,0.3524668,0.8367861,5
1,1,0,1,0.3173684,0.411251,0.7467921,0.3522295,0.8367861,5
1,1,0,1,0.3173684,0.411251,0.7467921,0.9137369,0.8367861,5
1,1,0,1,0.3173684,0.411251,0.7467921,0.0908085,0.8367861,5
1,1,0,1,0.3173684,0.411251,0.7467921,0.3261018,0.8367861,5
1,1,0,1,0.4293306,0.411251,0.7467921,0.4544391,0.8367861,5
1,1,0,1,0.3173684,0.411251,0.7467921,0.8673237,0.8367861,5
1,1,0,1,0.4293306,0.411251,0.7467921,0.1272228,0.8367861,5
1,1,0,1,0.4293306,0.411251,0.7467921,0.0795603,0.8367861,5
1,1,0,1,0.9697588,0.411251,0.7467921,0.0621809,0.8367861,5
1,1,0,1,0.9697588,0.411251,0.7467921,0.4462075,0.8367861,5
1,1,0,1,0.9697588,0.411251,0.7467921,0.1603634,0.8367861,5
1,1,0,1,0.9697588,0.411251,0.7467921,0.2287242,0.8367861,5
1,1,0,1,0.9697588,0.411251,0.7467921,0.7680116,0.8367861,5
1,1,0,1,0.9697588,0.411251,0.7467921,0.7367776,0.8367861,5
1,1,0,1,0.9697588,0.411251,0.7467921,0.7726395,0.8367861,5
1,1,0,1,0.9697588,0.411251,0.7467921,0.8530812,0.8367861,5
1,1,0,1,0.9697588,0.411251,0.7467921,0.1251009,0.8367861,5
1,1,0,1,0.9697588,0.411251,0.7467921,0.1172757,0.8367861,5
1,1,0,1,0.9697588,0.411251,0.7467921,0.8097996,0.8367861,5
1,1,0,1,0.9697588,0.411251,0.7467921,0.1568391,0.8367861,5
1,1,0,1,0.9697588,0.411251,0.7467921,0.8501774,0.8367861,5
1,1,0,1,0.9697588,0.411251,0.7467921,0.8208299,0.8367861,5
1,1,0,1,0.9697588,0.411251,0.7467921,0.5086466,0.8367861,5
1,1,0,1,0.9697588,0.411251,0.7467921,0.3818915,0.8367861,5
1,1,0,1,0.3173684,0.411251,0.7467921,0.1069969,0.8367861,5
1,1,0,1,0.3173684,0.411251,0.7467921,0.5822297,0.8367861,5
1,1,0,1,0.3173684,0.411251,0.7467921,0.1771673,0.8367861,5
1,1,0,1,0.3173684,0.411251,0.7467921,0.4563151,0.8367861,5
1,1,0,1,0.3173684,0.411251,0.7467921,0.4944325,0.8367861,5
1,1,0,1,0.3173684,0.411251,0.7467921,0.6672706,0.8367861,5
1,1,0,1,0.3173684,0.411251,0.7467921,0.4944325,0.8367861,5
1,1,0,1,0.3173684,0.411251,0.7467921,0.4353404,0.8367861,5
1,1,0,1,0.4293306,0.411251,0.7467921,0.5058944,0.8367861,5
1,1,0,1,0.4293306,0.411251,0.7467921,0.4270827,0.8367861,5
1,1,0,1,0.4293306,0.411251,0.7467921,0.4668277,0.8367861,5
1,1,0,1,0.4293306,0.411251,0.7467921,0.2438364,0.8367861,5
1,1,0,1,0.4293306,0.411251,0.7467921,0.9123506,0.8367861,5
1,1,0,1,0.3173684,0.411251,0.7467921,0.3532826,0.8367861,5
1,1,0,1,0.3173684,0.411251,0.7467921,0.4495664,0.8367861,5
1,1,0,1,0.9697588,0.411251,0.7467921,0.8599024,0.8367861,5
1,1,0,1,0.4293306,0.411251,0.7467921,0.6978919,0.8367861,5
1,1,0,1,0.4293306,0.411251,0.7467921,0.4682305,0.8367861,5
1,1,0,1,0.9697588,0.411251,0.7467921,0.5617817,0.8367861,5
1,1,0,1,0.9697588,0.411251,0.7467921,0.600043,0.8367861,5
1,1,0,1,0.9697588,0.411251,0.7467921,0.4537379,0.8367861,5
1,1,0,1,0.9697588,0.411251,0.7467921,0.5897006,0.8367861,5
1,1,0,1,0.9697588,0.411251,0.7467921,0.9633389,0.8367861,5
1,1,0,1,0.9697588,0.411251,0.7467921,0.2272796,0.8367861,5
1,1,0,1,0.9697588,0.411251,0.7467921,0.5298924,0.8367861,5
1,1,0,1,0.3173684,0.411251,0.7467921,0.4898335,0.8367861,5
1,1,0,1,0.3173684,0.411251,0.7467921,0.0605259,0.8367861,5
1,1,0,1,0.9697588,0.411251,0.7467921,0.8936779,0.8367861,5
1,1,0,1,0.4293306,0.411251,0.7467921,0.3606024,0.8367861,5
1,1,0,1,0.4293306,0.411251,0.7467921,0.8753648,0.8367861,5
1,1,0,1,0.4293306,0.411251,0.7467921,0.7519503,0.8367861,5
1,1,0,1,0.4293306,0.411251,0.7467921,0.2591546,0.8367861,5
1,1,0,1,0.4293306,0.411251,0.7467921,0.7301434,0.8367861,5
1,1,0,1,0.4293306,0.411251,0.7467921,0.4329016,0.8367861,5
1,1,0,1,0.3173684,0.411251,0.7467921,0.3096174,0.8367861,5
1,1,0,1,0.3173684,0.411251,0.7467921,0.1497419,0.8367861,5
1,1,0,1,0.4293306,0.411251,0.7467921,0.2540759,0.8367861,5
1,1,0,1,0.3173684,0.411251,0.7467921,0.2955457,0.8367861,5
1,1,0,1,0.3173684,0.411251,0.7467921,0.4544391,0.8367861,5
1,1,0,1,0.3173684,0.411251,0.7467921,0.1181003,0.8367861,5
1,1,0,1,0.3173684,0.411251,0.7467921,0.437351,0.8367861,5
1,1,0,1,0.3173684,0.411251,0.7467921,0.1104416,0.8367861,5
1,1,0,1,0.4293306,0.411251,0.7467921,0.6940871,0.8367861,5
1,1,0,1,0.9697588,0.411251,0.7467921,0.5658323,0.8367861,5
1,1,0,1,0.9697588,0.411251,0.7467921,0.2115947,0.8367861,5
1,1,0,1,0.4293306,0.411251,0.7467921,0.4656063,0.8367861,5
1,1,0,1,0.4293306,0.411251,0.7467921,0.1522135,0.8367861,5
1,1,0,1,0.4293306,0.411251,0.7467921,0.9188975,0.8367861,5
1,1,0,1,0.4293306,0.411251,0.7467921,0.758897,0.8367861,5
1,1,0,1,0.3173684,0.411251,0.7467921,0.60335,0.8367861,5
1,1,0,1,0.3173684,0.411251,0.7467921,0.193506,0.8367861,5
1,1,0,1,0.3173684,0.411251,0.7467921,0.0108771,0.8367861,5
1,1,0,1,0.4293306,0.411251,0.7467921,0.2066269,0.8367861,5
1,1,0,1,0.3173684,0.411251,0.7467921,0.5890772,0.8367861,5
1,1,0,1,0.4293306,0.411251,0.7467921,0.0417261,0.8367861,5
1,1,0,1,0.4293306,0.411251,0.7467921,0.2769974,0.8367861,5
1,1,0,1,0.4293306,0.411251,0.7467921,0.4306838,0.8367861,5
1,1,0,1,0.4293306,0.411251,0.7467921,0.5603476,0.8367861,5
1,1,0,1,0.4293306,0.411251,0.7467921,0.5695333,0.8367861,5
1,1,0,1,0.4293306,0.411251,0.7467921,0.0013037,0.8367861,5
1,1,0,1,0.3173684,0.411251,0.7467921,0.5188743,0.8367861,5
1,1,0,1,0.4293306,0.411251,0.7467921,0.8987328,0.8367861,5
1,1,0,1,0.3173684,0.411251,0.7467921,0.3280846,0.8367861,5
1,1,0,1,0.3173684,0.411251,0.7467921,0.1017445,0.8367861,5
1,1,0,1,0.3173684,0.411251,0.7467921,0.3064318,0.8367861,5
1,1,0,1,0.9697588,0.411251,0.7467921,0.2241018,0.8367861,5
1,1,0,1,0.9697588,0.411251,0.7467921,0.7362078,0.8367861,5
1,1,0,1,0.3173684,0.411251,0.7467921,0.412538,0.8367861,5
1,1,0,1,0.3173684,0.411251,0.7467921,0.8612747,0.8367861,5
1,1,0,1,0.4293306,0.411251,0.7467921,0.2186813,0.8367861,5
1,1,0,1,0.4293306,0.411251,0.7467921,0.7820401,0.8367861,5
1,1,0,1,0.4293306,0.411251,0.7467921,0.7623567,0.8367861,5
1,1,0,1,0.3173684,0.411251,0.7467921,0.0260726,0.8367861,5
1,1,0,1,0.4293306,0.411251,0.7467921,0.311603,0.8367861,5
1,1,0,1,0.4293306,0.411251,0.7467921,0.5711703,0.8367861,5
1,1,0,1,0.4293306,0.411251,0.7467921,0.3695479,0.8367861,5
1,1,0,1,0.9697588,0.411251,0.7467921,0.8786677,0.8367861,5
1,1,0,1,0.9697588,0.411251,0.7467921,0.9629075,0.8367861,5
1,1,0,1,0.9697588,0.411251,0.7467921,0.9917126,0.8367861,5
1,1,0,1,0.9697588,0.411251,0.7467921,0.8280859,0.8367861,5
1,1,0,1,0.9697588,0.411251,0.7467921,0.8801125,0.8367861,5
1,1,0,1,0.9697588,0.411251,0.7467921,0.3217095,0.8367861,5
1,1,0,1,0.9697588,0.411251,0.7467921,0.514219,0.8367861,5
1,1,0,1,0.3173684,0.411251,0.7467921,0.5900663,0.8367861,5
1,1,0,1,0.3173684,0.411251,0.7467921,0.490894,0.8367861,5
1,1,0,1,0.3173684,0.411251,0.7467921,0.5388234,0.8367861,5
1,1,0,1,0.3173684,0.411251,0.7467921,0.9754023,0.8367861,5
1,1,0,1,0.4293306,0.411251,0.7467921,0.4184998,0.8367861,5
1,1,0,1,0.4293306,0.411251,0.7467921,0.8660012,0.8367861,5
1,1,0,1,0.4293306,0.411251,0.7467921,0.6396682,0.8367861,5
1,1,0,1,0.3173684,0.411251,0.7467921,0.3662416,0.8367861,5
1,1,0,1,0.4293306,0.411251,0.7467921,0.8627716,0.8367861,5
1,1,0,1,0.4293306,0.411251,0.7467921,0.725621,0.8367861,5
1,1,0,1,0.4293306,0.411251,0.7467921,0.922528,0.8367861,5
1,1,0,1,0.4293306,0.411251,0.7467921,0.593707,0.8367861,5
1,1,0,1,0.4293306,0.411251,0.7467921,0.2080703,0.8367861,5
1,1,0,1,0.4293306,0.411251,0.7467921,0.9704914,0.8367861,5
1,1,0,1,0.4293306,0.411251,0.7467921,0.5080149,0.8367861,5
1,1,0,1,0.4293306,0.411251,0.7467921,0.8528705,0.8367861,5
1,1,0,1,0.4293306,0.411251,0.7467921,0.5539982,0.8367861,5
1,1,0,1,0.3173684,0.411251,0.7467921,0.6697072,0.8367861,5
1,1,0,1,0.3173684,0.411251,0.7467921,0.545585,0.8367861,5
1,1,0,1,0.4293306,0.411251,0.7467921,0.8374949,0.8367861,5
1,1,0,1,0.4293306,0.411251,0.7467921,0.9334644,0.8367861,5
1,1,0,1,0.3173684,0.411251,0.7467921,0.0259088,0.8367861,5
1,1,0,1,0.3173684,0.411251,0.7467921,0.830415,0.8367861,5
1,1,0,1,0.3173684,0.411251,0.7467921,0.262846,0.8367861,5
1,1,0,1,0.3173684,0.411251,0.7467921,0.7613383,0.8367861,5
1,1,0,1,0.3173684,0.411251,0.7467921,0.0761283,0.8367861,5
1,1,0,1,0.4293306,0.411251,0.7467921,0.9628607,0.8367861,5
1,1,0,1,0.4293306,0.411251,0.7467921,0.1502325,0.8367861,5
1,1,0,1,0.4293306,0.411251,0.7467921,0.3180597,0.8367861,5
1,1,0,1,0.4293306,0.411251,0.7467921,0.7553215,0.8367861,5
1,1,0,1,0.9697588,0.411251,0.7467921,0.4297211,0.8367861,5
1,1,0,1,0.9697588,0.411251,0.7467921,0.9689668,0.8367861,5
1,1,0,1,0.9697588,0.411251,0.7467921,0.9798923,0.8367861,5
1,1,0,1,0.9697588,0.411251,0.7467921,0.140237,0.8367861,5
1,1,0,1,0.9697588,0.411251,0.7467921,0.880224,0.8367861,5
1,1,0,1,0.9697588,0.411251,0.7467921,0.564669,0.8367861,5
1,1,0,1,0.9697588,0.411251,0.7467921,0.3596443,0.8367861,5
1,1,0,1,0.9697588,0.411251,0.7467921,0.3596443,0.8367861,5
1,1,0,1,0.9697588,0.411251,0.7467921,0.3271234,0.8367861,5
1,1,0,1,0.9697588,0.411251,0.7467921,0.4942462,0.8367861,5
1,1,0,1,0.9697588,0.411251,0.7467921,0.2457898,0.8367861,5
1,1,0,1,0.3173684,0.411251,0.7467921,0.5657505,0.8367861,5
1,1,0,1,0.3173684,0.411251,0.7467921,0.4004663,0.8367861,5
1,1,0,1,0.3173684,0.411251,0.7467921,0.8650527,0.8367861,5
1,1,0,1,0.9697588,0.411251,0.7467921,0.9239902,0.8367861,5
1,1,0,1,0.9697588,0.411251,0.7467921,0.9410026,0.8367861,5
1,1,0,1,0.3173684,0.411251,0.7467921,0.968876,0.8367861,5
1,1,0,1,0.3173684,0.411251,0.7467921,0.487275,0.8367861,5
1,1,0,1,0.4293306,0.411251,0.7467921,0.2080478,0.8367861,5
1,1,0,1,0.3173684,0.411251,0.7467921,0.3881221,0.8367861,5
1,1,0,1,0.4293306,0.411251,0.7467921,0.9618371,0.8367861,5
1,1,0,1,0.4293306,0.411251,0.7467921,0.6779986,0.8367861,5
1,1,0,1,0.4293306,0.411251,0.7467921,0.2978468,0.8367861,5
1,1,0,1,0.4293306,0.411251,0.7467921,0.0976057,0.8367861,5
1,1,0,1,0.4293306,0.411251,0.7467921,0.3594013,0.8367861,5
1,1,0,1,0.4293306,0.411251,0.7467921,0.5172128,0.8367861,5
1,1,0,1,0.4293306,0.411251,0.7467921,0.6902281,0.8367861,5
1,1,0,1,0.4293306,0.411251,0.7467921,0.2246384,0.8367861,5
1,1,0,1,0.4293306,0.411251,0.7467921,0.4510499,0.8367861,5
1,1,0,1,0.3173684,0.411251,0.7467921,0.4758065,0.8367861,5
1,1,0,1,0.3173684,0.411251,0.7467921,0.8720049,0.8367861,5
1,1,0,1,0.3173684,0.411251,0.7467921,0.556377,0.8367861,5
1,1,0,1,0.3173684,0.411251,0.7467921,0.1158646,0.8367861,5
1,1,0,1,0.4293306,0.411251,0.7467921,0.4279758,0.8367861,5
1,1,0,1,0.4293306,0.411251,0.7467921,0.0417261,0.8367861,5
1,1,0,1,0.4293306,0.411251,0.7467921,0.8676356,0.8367861,5
1,1,0,1,0.4293306,0.411251,0.7467921,0.4563149,0.8367861,5
1,1,0,1,0.4293306,0.411251,0.7467921,0.3623519,0.8367861,5
1,1,0,1,0.4293306,0.411251,0.7467921,0.6087411,0.8367861,5
1,1,0,1,0.4293306,0.411251,0.7467921,0.9463311,0.8367861,5
1,1,0,1,0.3173684,0.411251,0.7467921,0.2253207,0.8367861,5
1,1,0,1,0.3173684,0.411251,0.7467921,0.8507053,0.8367861,5
1,1,0,1,0.4293306,0.411251,0.7467921,0.6860476,0.8367861,5
1,1,0,1,0.3173684,0.411251,0.7467921,0.2962128,0.8367861,5
1,1,0,1,0.3173684,0.411251,0.7467921,0.4090095,0.8367861,5
1,1,0,1,0.3173684,0.411251,0.7467921,0.3715623,0.8367861,5
1,1,0,1,0.9697588,0.411251,0.7467921,0.0374713,0.8367861,5
1,1,0,1,0.9697588,0.411251,0.7467921,0.7912233,0.8367861,5
1,1,0,1,0.3173684,0.411251,0.7467921,0.7914465,0.8367861,5
1,1,0,1,0.3173684,0.411251,0.7467921,0.5644578,0.8367861,5
1,1,0,1,0.3173684,0.411251,0.7467921,0.6358959,0.8367861,5
1,1,0,1,0.3173684,0.411251,0.7467921,0.3897108,0.8367861,5
1,1,0,1,0.3173684,0.411251,0.7467921,0.4252078,0.8367861,5
1,1,0,1,0.3173684,0.411251,0.7467921,0.0672274,0.8367861,5
1,1,0,1,0.3173684,0.411251,0.7467921,0.3776512,0.8367861,5
1,1,0,1,0.3173684,0.411251,0.7467921,0.9156039,0.8367861,5
1,1,0,1,0.4293306,0.411251,0.7467921,0.9965464,0.8367861,5
1,1,0,1,0.9697588,0.411251,0.7467921,0.820472,0.8367861,5
1,1,0,1,0.9697588,0.411251,0.7467921,0.2837117,0.8367861,5
1,1,0,1,0.9697588,0.411251,0.7467921,0.7534278,0.8367861,5
1,1,0,1,0.9697588,0.411251,0.7467921,0.6652574,0.8367861,5
1,1,0,1,0.3173684,0.411251,0.7467921,0.3419835,0.8367861,5
1,1,0,1,0.3173684,0.411251,0.7467921,0.6141982,0.8367861,5
1,1,0,1,0.3173684,0.411251,0.7467921,0.9792299,0.8367861,5
1,1,0,1,0.3173684,0.411251,0.7467921,0.8329013,0.8367861,5
1,1,0,1,0.4293306,0.411251,0.7467921,0.2186731,0.8367861,5
1,1,0,1,0.4293306,0.411251,0.7467921,0.6139802,0.8367861,5
1,1,0,1,0.4293306,0.411251,0.7467921,0.8473883,0.8367861,5
1,1,0,1,0.4293306,0.411251,0.7467921,0.1666057,0.8367861,5
1,1,0,1,0.4293306,0.411251,0.7467921,0.6903921,0.8367861,5
1,1,0,1,0.4293306,0.411251,0.7467921,0.0594935,0.8367861,5
1,1,0,1,0.4293306,0.411251,0.7467921,0.0288233,0.8367861,5
1,1,0,1,0.4293306,0.411251,0.7467921,0.8573107,0.8367861,5
1,1,0,1,0.4293306,0.411251,0.7467921,0.2298428,0.8367861,5
1,1,0,1,0.3173684,0.411251,0.7467921,0.3502737,0.8367861,5
1,1,0,1,0.3173684,0.411251,0.7467921,0.4681676,0.8367861,5
1,1,0,1,0.3173684,0.411251,0.7467921,0.4212787,0.8367861,5
1,1,0,1,0.4293306,0.411251,0.7467921,0.7475015,0.8367861,5
1,1,0,1,0.4293306,0.411251,0.7467921,0.6833665,0.8367861,5
1,1,0,1,0.4293306,0.411251,0.7467921,0.6383016,0.8367861,5
1,1,0,1,0.4293306,0.411251,0.7467921,0.5012109,0.8367861,5
1,1,0,1,0.4293306,0.411251,0.7467921,0.9388417,0.8367861,5
1,1,0,1,0.4293306,0.411251,0.7467921,0.1532638,0.8367861,5
1,1,0,1,0.4293306,0.411251,0.7467921,0.5002854,0.8367861,5
1,1,0,1,0.4293306,0.411251,0.7467921,0.1484266,0.8367861,5
1,1,0,1,0.4293306,0.411251,0.7467921,0.1489649,0.8367861,5
1,1,0,1,0.4293306,0.411251,0.7467921,0.2963479,0.8367861,5
1,1,0,1,0.4293306,0.411251,0.7467921,0.8013543,0.8367861,5
1,1,0,1,0.4293306,0.411251,0.7467921,0.1853636,0.8367861,5
1,1,0,1,0.3173684,0.411251,0.7467921,0.3223425,0.8367861,5
1,1,0,1,0.3173684,0.411251,0.7467921,0.8567593,0.8367861,5
1,1,0,1,0.3173684,0.411251,0.7467921,0.2702283,0.8367861,5
1,1,0,1,0.3173684,0.411251,0.7467921,0.3823391,0.8367861,5
1,1,0,1,0.3173684,0.411251,0.7467921,0.7790964,0.8367861,5
1,1,0,1,0.4293306,0.411251,0.7467921,0.9320143,0.8367861,5
1,1,0,1,0.4293306,0.411251,0.7467921,0.3960219,0.8367861,5
1,1,0,1,0.3173684,0.411251,0.7467921,0.4596982,0.8367861,5
1,1,0,1,0.3173684,0.411251,0.7467921,0.65491,0.8367861,5
1,1,0,1,0.3173684,0.411251,0.7467921,0.754555,0.8367861,5
1,1,0,1,0.3173684,0.411251,0.7467921,0.2028969,0.8367861,5
1,1,0,1,0.3173684,0.411251,0.7467921,0.7534278,0.8367861,5
1,1,0,1,0.9697588,0.411251,0.7467921,0.4979355,0.8367861,5
1,1,0,1,0.9697588,0.411251,0.7467921,0.2211926,0.8367861,5
1,1,0,1,0.3173684,0.411251,0.7467921,0.5292388,0.8367861,5
1,1,0,1,0.3173684,0.411251,0.7467921,0.8565979,0.8367861,5
1,1,0,1,0.3173684,0.411251,0.7467921,0.4182612,0.8367861,5
1,1,0,1,0.3173684,0.411251,0.7467921,0.7932044,0.8367861,5
1,1,0,1,0.3173684,0.411251,0.7467921,0.929279,0.8367861,5
1,1,0,1,0.4293306,0.411251,0.7467921,0.8891466,0.8367861,5
1,1,0,1,0.4293306,0.411251,0.7467921,0.9527613,0.8367861,5
1,1,0,1,0.4293306,0.411251,0.7467921,0.0652178,0.8367861,5
1,1,0,1,0.4293306,0.411251,0.7467921,0.0895042,0.8367861,5
1,1,0,1,0.3173684,0.411251,0.7467921,0.8384054,0.8367861,5
1,1,0,1,0.3173684,0.411251,0.7467921,0.1769268,0.8367861,5
1,1,0,1,0.3173684,0.411251,0.7467921,0.6678095,0.8367861,5
1,1,0,1,0.3173684,0.411251,0.7467921,0.6811329,0.8367861,5
1,1,0,1,0.4293306,0.411251,0.7467921,0.7078122,0.8367861,5
1,1,0,1,0.4293306,0.411251,0.7467921,0.8398703,0.8367861,5
1,1,0,1,0.4293306,0.411251,0.7467921,0.8819689,0.8367861,5
1,1,0,1,0.9697588,0.411251,0.7467921,0.5227384,0.8367861,5
1,1,0,1,0.9697588,0.411251,0.7467921,0.578622,0.8367861,5
1,1,0,1,0.9697588,0.411251,0.7467921,0.4377921,0.8367861,5
1,1,0,1,0.9697588,0.411251,0.7467921,0.7362545,0.8367861,5
1,1,0,1,0.9697588,0.411251,0.7467921,0.3275972,0.8367861,5
1,1,0,1,0.9697588,0.411251,0.7467921,0.4524201,0.8367861,5
1,1,0,1,0.9697588,0.411251,0.7467921,0.6375317,0.8367861,5
1,1,0,1,0.9697588,0.411251,0.7467921,0.1114881,0.8367861,5
1,1,0,1,0.9697588,0.411251,0.7467921,0.843953,0.8367861,5
1,1,0,1,0.9697588,0.411251,0.7467921,0.9657985,0.8367861,5
1,1,0,1,0.9697588,0.411251,0.7467921,0.6567371,0.8367861,5
1,1,0,1,0.9697588,0.411251,0.7467921,0.6768048,0.8367861,5
1,1,0,1,0.9697588,0.411251,0.7467921,0.8915398,0.8367861,5
1,1,0,1,0.9697588,0.411251,0.7467921,0.8915398,0.8367861,5
1,1,0,1,0.9697588,0.411251,0.7467921,0.915342,0.8367861,5
1,1,0,1,0.9697588,0.411251,0.7467921,0.8434171,0.8367861,5
1,1,0,1,0.9697588,0.411251,0.7467921,0.5388234,0.8367861,5
1,1,0,1,0.9697588,0.411251,0.7467921,0.2059787,0.8367861,5
1,1,0,1,0.9697588,0.411251,0.7467921,0.0923696,0.8367861,5
1,1,0,1,0.9697588,0.411251,0.7467921,0.1939697,0.8367861,5
1,1,0,1,0.9697588,0.411251,0.7467921,0.3543685,0.8367861,5
1,1,0,1,0.9697588,0.411251,0.7467921,0.207064,0.8367861,5
1,1,0,1,0.3173684,0.411251,0.7467921,0.8402801,0.8367861,5
1,1,0,1,0.3173684,0.411251,0.7467921,0.2271957,0.8367861,5
1,1,0,1,0.3173684,0.411251,0.7467921,0.487973,0.8367861,5
1,1,0,1,0.3173684,0.411251,0.7467921,0.7288394,0.8367861,5
1,1,0,1,0.3173684,0.411251,0.7467921,0.0824715,0.8367861,5
1,1,0,1,0.3173684,0.411251,0.7467921,0.6837528,0.8367861,5
1,1,0,1,0.4293306,0.411251,0.7467921,0.5810214,0.8367861,5
1,1,0,1,0.4293306,0.411251,0.7467921,0.5815407,0.8367861,5
1,1,0,1,0.3173684,0.411251,0.7467921,0.3160557,0.8367861,5
1,1,0,1,0.3173684,0.411251,0.7467921,0.5672311,0.8367861,5
1,1,0,1,0.9697588,0.411251,0.7467921,0.2878701,0.8367861,5
1,1,0,1,0.9697588,0.411251,0.7467921,0.06181,0.8367861,5
1,1,0,1,0.9697588,0.411251,0.7467921,0.0261839,0.8367861,5
1,1,0,0,0.4293306,0.6091574,0.7467921,0.3640932,0.8367861,5
1,1,0,0,0.9697588,0.6091574,0.7467921,0.1761015,0.8367861,5
1,1,0,0,0.9697588,0.6091574,0.7467921,0.1117476,0.8367861,5
1,1,0,0,0.4293306,0.6091574,0.7467921,0.1294186,0.8367861,5
1,1,0,1,0.4293306,0.411251,0.7467921,0.3799057,0.8367861,5
1,1,0,1,0.4293306,0.411251,0.7467921,0.1939463,0.8367861,5
1,1,0,1,0.4293306,0.411251,0.7467921,0.6269184,0.8367861,5
1,1,0,1,0.4293306,0.411251,0.7467921,0.6788532,0.8367861,5
1,1,0,0,0.4293306,0.6091574,0.7467921,0.3550261,0.8367861,5
1,1,0,0,0.3975753,0.6091574,0.7467921,0.3461839,0.8367861,5
1,1,0,0,0.3975753,0.6091574,0.7467921,0.0157096,0.8367861,5
1,1,0,1,0.3975753,0.411251,0.7467921,0.7699784,0.8367861,5
1,1,0,1,0.3975753,0.411251,0.7467921,0.7337195,0.8367861,5
1,1,0,1,0.3975753,0.411251,0.7467921,0.2379395,0.8367861,5
1,1,0,1,0.3975753,0.411251,0.7467921,0.7830006,0.8367861,5
1,1,0,1,0.3975753,0.411251,0.7467921,0.6145792,0.8367861,5
