Diff_FromDomActDom,BL_IP,Created_within_1_year,Expire_in_13_months,mail_dt,cntry,msgid,tm,cn_typ,hop
0,0,0,1,0.9437011,0.3464221,0.3243531,0.2549125,0.8367861,1
0,0,0,0,0.3645119,0.3464221,0.1937392,0.3113356,0.8367861,1
0,0,0,0,0.7709858,0.3464221,0.0538217,0.0792433,0.8367861,1
0,0,0,1,0.0053809,0.3464221,0.878278,0.2045306,0.8367861,1
0,0,0,1,0.9437011,0.3464221,0.54349,0.2549125,0.8367861,1
0,1,0,0,0.7013747,0.3464221,0.8585535,0.8368399,0.8367861,1
0,0,0,1,0.7277642,0.3464221,0.5798655,0.258794,0.8367861,1
0,0,0,0,0.354317,0.3464221,0.3428744,0.9975132,0.8367861,1
0,1,0,1,0.7461512,0.3464221,0.5205504,0.1807823,0.8367861,1
0,0,0,0,0.4153113,0.3464221,0.545623,0.5573731,0.8367861,1
0,0,0,0,0.0171803,0.3464221,0.9304104,0.3120085,0.8367861,1
0,0,0,0,0.977357,0.3464221,0.0036062,0.6511883,0.8367861,1
0,0,0,0,0.1489669,0.3464221,0.5964893,0.1719536,0.8367861,1
0,0,0,0,0.3025957,0.3464221,0.2367675,0.3140349,0.8367861,1
0,0,0,0,0.4763596,0.3464221,0.6333666,0.4410211,0.8367861,1
0,0,0,0,0.1904373,0.3464221,0.5000048,0.3925268,0.8367861,1
0,0,0,0,0.723592,0.3464221,0.806164,0.2356077,0.5043382,1
0,0,0,0,0.4801289,0.3464221,0.1194487,0.1586833,0.8367861,1
0,0,0,0,0.2883949,0.3464221,0.6766429,0.9557493,0.8367861,1
0,0,0,0,0.1085554,0.3464221,0.1651496,0.3432779,0.8367861,1
0,0,0,0,0.2883949,0.3464221,0.4498002,0.3720524,0.8367861,1
0,0,0,0,0.1145105,0.3464221,0.165461,0.4066887,0.8367861,1
0,0,0,0,0.2608924,0.3464221,0.6735279,0.4443777,0.8367861,1
0,0,0,0,0.8520838,0.3464221,0.9014376,0.7415947,0.8367861,1
0,0,0,0,0.3252463,0.3464221,0.3295223,0.4774305,0.8367861,1
0,0,0,0,0.1166675,0.3464221,0.3533479,0.9638754,0.8367861,1
0,0,0,0,0.6199687,0.3464221,0.4029436,0.8061586,0.8367861,1
0,0,0,1,0.3471569,0.3464221,0.5583193,0.6170091,0.8367861,1
0,0,0,0,0.4866945,0.3464221,0.6819666,0.9198814,0.8367861,1
0,0,0,0,0.6722807,0.3464221,0.4461908,0.0801332,0.8367861,1
0,0,0,0,0.2161767,0.3464221,0.5262304,0.8598599,0.8367861,1
0,0,0,0,0.2161767,0.3464221,0.2157779,0.7522028,0.8367861,1
0,0,0,0,0.3546026,0.3464221,0.8816066,0.9564643,0.8367861,1
0,0,0,0,0.0283764,0.3464221,0.4341812,0.4853609,0.8367861,1
0,0,0,0,0.7618044,0.3464221,0.3466604,0.5612891,0.8367861,1
0,0,0,0,0.3486138,0.3464221,0.8360157,0.2729897,0.8367861,1
0,0,0,0,0.0283764,0.3464221,0.2489671,0.4084077,0.8367861,1
0,0,0,0,0.723592,0.3464221,0.234341,0.0588277,0.5043382,1
0,0,0,0,0.3025957,0.3464221,0.7433481,0.1685095,0.8367861,1
0,0,0,0,0.582347,0.3464221,0.7665942,0.2787562,0.8367861,1
0,0,0,0,0.9982411,0.3464221,0.8682199,0.6093013,0.8367861,1
0,0,0,0,0.9982411,0.3464221,0.5317975,0.5506977,0.8367861,1
0,0,0,0,0.2467546,0.3464221,0.3089745,0.7068533,0.8367861,1
0,0,0,0,0.774424,0.3464221,0.5158259,0.9285032,0.8367861,1
0,0,0,0,0.3075545,0.3464221,0.6914102,0.3605643,0.8367861,1
0,0,0,0,0.0171803,0.8510309,0.4786133,0.1142168,0.8367861,1
0,0,0,0,0.5280844,0.3616234,0.3272007,0.7260482,0.8367861,1
0,0,0,1,0.5603268,0.3464221,0.8670925,0.2509348,0.8367861,1
0,0,0,0,0.8043139,0.3464221,0.0388337,0.7196044,0.8367861,1
0,0,0,0,0.9691153,0.3464221,0.8241886,0.8247458,0.8367861,1
0,0,0,0,0.1877011,0.3464221,0.5086475,0.530549,0.8367861,1
0,0,0,1,0.4902852,0.3464221,0.8579032,0.9224949,0.8367861,1
0,0,0,1,0.4902852,0.3464221,0.546083,0.0809417,0.8367861,1
0,0,0,0,0.6977323,0.3464221,0.5810822,0.9817011,0.8367861,1
0,0,0,1,0.456204,0.8921268,0.4648198,0.2177272,0.8367861,1
0,0,0,0,0.5640049,0.3464221,0.5047318,0.9227575,0.8367861,1
0,0,0,0,0.7277642,0.6091574,0.5686519,0.8054843,0.8367861,1
0,0,0,0,0.2415735,0.3464221,0.1693883,0.4157443,0.8367861,1
0,0,0,0,0.5341208,0.3464221,0.5892831,0.3702184,0.8367861,1
0,1,0,1,0.4064379,0.3983118,0.6924399,0.7190448,0.8367861,1
0,1,0,1,0.407359,0.3983118,0.338137,0.5485837,0.8367861,1
0,1,0,1,0.8381684,0.3983118,0.0754744,0.1280367,0.8367861,1
0,0,0,0,0.8213641,0.3464221,0.4319426,0.641213,0.8367861,1
0,0,0,0,0.1237001,0.3464221,0.8863801,0.604251,0.8367861,1
0,0,0,0,0.4740817,0.3464221,0.1371292,0.4846958,0.8367861,1
0,0,0,0,0.3730858,0.3464221,0.9890504,0.3743284,0.8367861,1
0,0,0,0,0.4740817,0.3464221,0.8446249,0.8881976,0.8367861,1
0,0,0,0,0.8741539,0.3464221,0.0371659,0.5132958,0.8367861,1
0,0,0,0,0.8741539,0.3464221,0.452842,0.2959706,0.8367861,1
0,0,0,0,0.8741539,0.3464221,0.3853533,0.1547232,0.8367861,1
0,0,0,0,0.8741539,0.3464221,0.1678936,0.2025096,0.8367861,1
0,0,0,0,0.8741539,0.3464221,0.7735908,0.9588474,0.8367861,1
0,0,0,0,0.8741539,0.3464221,0.0488046,0.9740027,0.8367861,1
0,0,0,0,0.8741539,0.3464221,0.2878292,0.7519503,0.8367861,1
0,0,0,0,0.8741539,0.3464221,0.8694047,0.8623938,0.8367861,1
0,0,0,0,0.9536384,0.3464221,0.6365756,0.612153,0.8367861,1
0,0,0,0,0.6236528,0.3464221,0.6103206,0.1022285,0.8367861,1
0,0,0,0,0.8741539,0.3464221,0.784382,0.7610401,0.8367861,1
0,0,0,0,0.8741539,0.3464221,0.3982825,0.9740777,0.8367861,1
0,0,0,0,0.8741539,0.3464221,0.6360096,0.9370116,0.8367861,1
0,0,0,0,0.8741539,0.3464221,0.4094509,0.1383025,0.8367861,1
0,0,0,0,0.8741539,0.3464221,0.4349635,0.1333625,0.8367861,1
0,0,0,0,0.8741539,0.3464221,0.6720217,0.5689086,0.8367861,1
0,0,0,0,0.8741539,0.3464221,0.9788513,0.6020552,0.8367861,1
0,0,0,0,0.8741539,0.3464221,0.00418,0.9805366,0.8367861,1
0,0,0,0,0.8741539,0.3464221,0.3124214,0.6346446,0.8367861,1
0,0,0,0,0.0946502,0.3464221,0.7073426,0.003557,0.8367861,1
0,0,0,0,0.6236528,0.3464221,0.7241703,0.0689917,0.8367861,1
0,0,0,0,0.9536384,0.3464221,0.8814224,0.3497547,0.8367861,1
0,0,0,0,0.0946502,0.3464221,0.741965,0.7228889,0.8367861,1
0,0,0,0,0.0946502,0.3464221,0.9535503,0.0914903,0.8367861,1
0,0,0,0,0.0946502,0.3464221,0.9356307,0.458116,0.8367861,1
0,0,0,0,0.0946502,0.3464221,0.5874078,0.3719708,0.8367861,1
0,0,0,0,0.0946502,0.3464221,0.2841383,0.5643517,0.8367861,1
0,0,0,0,0.0946502,0.3464221,0.6470757,0.8030286,0.8367861,1
0,0,0,0,0.0946502,0.3464221,0.2804962,0.5427249,0.8367861,1
0,0,0,0,0.0946502,0.3464221,0.6984993,0.4702776,0.8367861,1
0,0,0,0,0.0946502,0.3464221,0.1920232,0.0420098,0.8367861,1
0,0,0,0,0.1987317,0.3464221,0.6140431,0.9096195,0.8367861,1
0,0,0,0,0.0946502,0.3464221,0.7406285,0.7340001,0.8367861,1
0,0,0,0,0.9536384,0.3464221,0.7333057,0.3812082,0.8367861,1
0,0,0,0,0.0946502,0.3464221,0.9192883,0.5974101,0.8367861,1
0,0,0,0,0.0946502,0.3464221,0.6244711,0.6713413,0.8367861,1
0,0,0,0,0.0946502,0.3464221,0.4899323,0.2962128,0.8367861,1
0,0,0,0,0.0946502,0.3464221,0.2874115,0.4482833,0.8367861,1
0,0,0,0,0.0946502,0.3464221,0.7540749,0.4510935,0.8367861,1
0,0,0,0,0.8528212,0.3464221,0.3818094,0.9110807,0.8367861,1
0,0,0,0,0.8528212,0.3464221,0.9588552,0.6943775,0.8367861,1
0,0,0,0,0.8528212,0.3464221,0.9062129,0.1965553,0.8367861,1
0,1,0,0,0.1987317,0.2950699,0.1840659,0.8647282,0.8367861,1
0,0,0,0,0.8528212,0.3464221,0.6361997,0.7353354,0.8367861,1
0,0,0,0,0.8528212,0.3464221,0.3238779,0.1921978,0.8367861,1
0,0,0,0,0.3155164,0.3464221,0.2855649,0.412089,0.8367861,1
0,0,0,0,0.9536384,0.3464221,0.4325112,0.1187837,0.8367861,1
0,0,0,0,0.8528212,0.3464221,0.7126638,0.0451539,0.8367861,1
0,0,0,0,0.8528212,0.3464221,0.0927228,0.925419,0.8367861,1
0,0,0,0,0.8528212,0.3464221,0.5318318,0.1216909,0.8367861,1
0,0,0,0,0.8528212,0.3464221,0.4149915,0.467196,0.8367861,1
0,0,0,0,0.2845295,0.3464221,0.4529392,0.8297443,0.8367861,1
0,0,0,0,0.2374592,0.3464221,0.8711233,0.8007266,0.8367861,1
0,0,0,0,0.1987317,0.3464221,0.9932644,0.8841716,0.8367861,1
0,0,0,0,0.2374592,0.3464221,0.7011416,0.6019802,0.8367861,1
0,0,0,0,0.2374592,0.3464221,0.2487153,0.6894298,0.8367861,1
0,0,0,0,0.2374592,0.3464221,0.1978719,0.0664549,0.8367861,1
0,0,0,0,0.9536384,0.3464221,0.3853722,0.3443968,0.8367861,1
0,0,0,0,0.2374592,0.3464221,0.2772914,0.0383758,0.8367861,1
0,0,0,0,0.2374592,0.3464221,0.9471504,0.8868531,0.8367861,1
0,0,0,0,0.2374592,0.3464221,0.5014887,0.4311263,0.8367861,1
0,0,0,0,0.2374592,0.3464221,0.9793318,0.7827829,0.8367861,1
0,0,0,0,0.2374592,0.3464221,0.696741,0.3955498,0.8367861,1
0,0,0,0,0.2374592,0.3464221,0.36881,0.6262606,0.8367861,1
0,0,0,0,0.1987317,0.3464221,0.6935943,0.20219,0.8367861,1
0,0,0,0,0.2374592,0.3464221,0.6131153,0.4982908,0.8367861,1
0,0,0,0,0.2374592,0.3464221,0.6331261,0.8715769,0.8367861,1
0,0,0,0,0.2374592,0.3464221,0.1302084,0.1279427,0.8367861,1
0,0,0,0,0.2374592,0.3464221,0.1100556,0.4153483,0.8367861,1
0,0,0,0,0.9536384,0.3464221,0.1916813,0.7419159,0.8367861,1
0,0,0,0,0.2374592,0.3464221,0.4086241,0.3572341,0.8367861,1
0,0,0,0,0.2374592,0.3464221,0.3662063,0.267803,0.8367861,1
0,0,0,0,0.2374592,0.3464221,0.619619,0.2954699,0.8367861,1
0,0,0,0,0.2374592,0.3464221,0.5737396,0.4053034,0.8367861,1
0,0,0,0,0.2374592,0.3464221,0.7486943,0.9040184,0.8367861,1
0,0,0,0,0.2123537,0.3464221,0.3491036,0.3505389,0.8367861,1
0,0,0,0,0.4710486,0.3464221,0.0405323,0.4182772,0.8367861,1
0,0,0,0,0.4710486,0.3464221,0.8978121,0.4017474,0.8367861,1
0,0,0,0,0.4710486,0.3464221,0.1335186,0.9166031,0.8367861,1
0,0,0,0,0.4710486,0.3464221,0.1775537,0.7057942,0.8367861,1
0,0,0,0,0.4710486,0.3464221,0.1739899,0.7757954,0.8367861,1
0,0,0,0,0.9536384,0.3464221,0.5576056,0.5660567,0.8367861,1
0,0,0,0,0.4710486,0.3464221,0.6310651,0.8016028,0.8367861,1
0,0,0,0,0.4710486,0.3464221,0.6303673,0.1655879,0.8367861,1
0,0,0,0,0.7616563,0.3464221,0.1246329,0.3216282,0.8367861,1
0,0,0,0,0.7616563,0.3464221,0.9833267,0.3555872,0.8367861,1
0,0,0,0,0.9668402,0.3464221,0.5676687,0.8891576,0.8367861,1
0,0,0,0,0.2123537,0.3464221,0.2391,0.2778031,0.8367861,1
0,0,0,0,0.7616563,0.3464221,0.1648211,0.09748,0.8367861,1
0,0,0,0,0.7616563,0.3464221,0.0387506,0.83205,0.8367861,1
0,0,0,0,0.7616563,0.3464221,0.4692986,0.5072712,0.8367861,1
0,0,0,0,0.7616563,0.3464221,0.0867282,0.4563431,0.8367861,1
0,0,0,0,0.7616563,0.3464221,0.8921355,0.7616076,0.8367861,1
0,0,0,0,0.7616563,0.3464221,0.2066012,0.9729847,0.8367861,1
0,0,0,0,0.9536384,0.3464221,0.6115584,0.3782104,0.8367861,1
0,0,0,0,0.7616563,0.3464221,0.0995756,0.1012375,0.8367861,1
0,0,0,0,0.63358,0.3464221,0.2068319,0.8040893,0.8367861,1
0,0,0,0,0.63358,0.3464221,0.8195822,0.8043235,0.8367861,1
0,0,0,0,0.2123537,0.3464221,0.3359381,0.9848187,0.8367861,1
0,0,0,0,0.63358,0.3464221,0.816353,0.9707369,0.8367861,1
0,0,0,0,0.63358,0.3464221,0.4822944,0.5361107,0.8367861,1
0,0,0,0,0.63358,0.3464221,0.0857326,0.4476919,0.8367861,1
0,0,0,0,0.63358,0.3464221,0.5141297,0.6219278,0.8367861,1
0,0,0,0,0.63358,0.3464221,0.9034126,0.4739246,0.8367861,1
0,0,0,0,0.63358,0.3464221,0.6249854,0.9490027,0.8367861,1
0,0,0,0,0.63358,0.3464221,0.3217084,0.7171604,0.8367861,1
0,0,0,0,0.425772,0.3464221,0.1104984,0.4545857,0.8367861,1
0,0,0,0,0.63358,0.3464221,0.0559164,0.9733744,0.8367861,1
0,0,0,0,0.63358,0.3464221,0.8722174,0.1887933,0.8367861,1
0,0,0,0,0.3290052,0.3464221,0.6441119,0.0345569,0.8367861,1
0,0,0,0,0.63358,0.3464221,0.6940589,0.0155159,0.8367861,1
0,0,0,0,0.63358,0.3464221,0.3360069,0.5142174,0.8367861,1
0,0,0,0,0.63358,0.3464221,0.3487388,0.149947,0.8367861,1
0,0,0,0,0.3155164,0.3464221,0.8208564,0.0988559,0.8367861,1
0,0,0,0,0.3155164,0.3464221,0.1776435,0.0737075,0.8367861,1
0,0,0,0,0.3155164,0.3464221,0.0209603,0.8436046,0.8367861,1
0,0,0,0,0.3155164,0.3464221,0.5699968,0.2247943,0.8367861,1
0,0,0,0,0.3155164,0.3464221,0.2149332,0.0991703,0.8367861,1
0,0,0,0,0.425772,0.3464221,0.5532406,0.9561027,0.8367861,1
0,0,0,0,0.3155164,0.3464221,0.0241422,0.8935492,0.8367861,1
0,0,0,0,0.3730858,0.3464221,0.5083688,0.7033118,0.8367861,1
0,0,0,0,0.3155164,0.3464221,0.6769238,0.6642717,0.8367861,1
0,0,0,0,0.3155164,0.3464221,0.1065375,0.2632158,0.8367861,1
0,0,0,0,0.3155164,0.3464221,0.685998,0.7568983,0.8367861,1
0,0,0,0,0.3155164,0.3464221,0.6427384,0.8670901,0.8367861,1
0,0,0,0,0.3563028,0.3464221,0.3724961,0.1386831,0.8367861,1
0,0,0,0,0.3563028,0.3464221,0.3462893,0.5362098,0.8367861,1
0,0,0,0,0.3563028,0.3464221,0.3983526,0.0507021,0.8367861,1
0,0,0,0,0.3563028,0.3464221,0.8430647,0.7887407,0.8367861,1
0,0,0,0,0.3563028,0.3464221,0.0183456,0.0412508,0.8367861,1
0,0,0,0,0.425772,0.3464221,0.7709515,0.923853,0.8367861,1
0,0,0,0,0.3290052,0.3464221,0.17191,0.5371624,0.8367861,1
0,0,0,0,0.3563028,0.3464221,0.8477766,0.9313047,0.8367861,1
0,0,0,0,0.3563028,0.3464221,0.1026415,0.6613638,0.8367861,1
0,0,0,0,0.3563028,0.3464221,0.0606676,0.3222691,0.8367861,1
0,0,0,0,0.3563028,0.3464221,0.7323563,0.8072827,0.8367861,1
0,0,0,0,0.3563028,0.3464221,0.1751014,0.7833341,0.8367861,1
0,0,0,0,0.3563028,0.3464221,0.3084866,0.0522288,0.8367861,1
0,0,0,0,0.3563028,0.3464221,0.8653594,0.3732276,0.8367861,1
0,0,0,0,0.3563028,0.3464221,0.6397143,0.8418894,0.8367861,1
0,0,0,0,0.3563028,0.3464221,0.4020714,0.3615563,0.8367861,1
0,0,0,0,0.3563028,0.3464221,0.4887361,0.4487696,0.8367861,1
0,0,0,0,0.8721021,0.3464221,0.8438219,0.3125424,0.8367861,1
0,0,0,0,0.456204,0.3464221,0.8480339,0.7143136,0.8367861,1
0,0,0,0,0.3563028,0.3464221,0.4650551,0.6789731,0.8367861,1
0,0,0,0,0.3563028,0.3464221,0.5113264,0.3445488,0.8367861,1
0,0,0,0,0.6129695,0.3464221,0.2379201,0.6366365,0.8367861,1
0,0,0,0,0.6129695,0.3464221,0.191064,0.8246123,0.8367861,1
0,0,0,0,0.6129695,0.3464221,0.0313219,0.4847983,0.8367861,1
0,0,0,0,0.6129695,0.3464221,0.4759477,0.1621013,0.8367861,1
0,0,0,0,0.6129695,0.3464221,0.6000531,0.9166031,0.8367861,1
0,0,0,0,0.6129695,0.3464221,0.385675,0.1716433,0.8367861,1
0,0,0,0,0.6129695,0.3464221,0.0929472,0.4165787,0.8367861,1
0,0,0,0,0.8721021,0.3464221,0.4395954,0.3674614,0.8367861,1
0,0,0,0,0.6129695,0.3464221,0.7196905,0.964818,0.8367861,1
0,0,0,0,0.456204,0.3464221,0.8849751,0.2174991,0.8367861,1
0,0,0,0,0.6129695,0.3464221,0.402176,0.0674682,0.8367861,1
0,0,0,0,0.6129695,0.3464221,0.9767635,0.2035222,0.8367861,1
0,0,0,0,0.6129695,0.3464221,0.8316766,0.5843157,0.8367861,1
0,0,0,0,0.7332995,0.3464221,0.2272109,0.5470759,0.8367861,1
0,0,0,0,0.7332995,0.3464221,0.7467285,0.7608862,0.8367861,1
0,0,0,0,0.7332995,0.3464221,0.2904402,0.2779868,0.8367861,1
0,0,0,0,0.7332995,0.3464221,0.8392634,0.711471,0.8367861,1
0,0,0,0,0.7332995,0.3464221,0.0752409,0.3871177,0.8367861,1
0,0,0,0,0.1658518,0.3464221,0.3736278,0.6834627,0.8367861,1
0,0,0,0,0.7332995,0.3464221,0.738111,0.9435044,0.8367861,1
0,0,0,0,0.7332995,0.3464221,0.1926208,0.7153352,0.8367861,1
0,0,0,0,0.3930561,0.3464221,0.417093,0.050048,0.8367861,1
0,0,0,0,0.456204,0.3464221,0.1603223,0.2780222,0.8367861,1
0,0,0,0,0.7332995,0.3464221,0.3110316,0.672189,0.8367861,1
0,0,0,0,0.7332995,0.3464221,0.3317979,0.2412457,0.8367861,1
0,0,0,0,0.7332995,0.3464221,0.2588425,0.3387779,0.8367861,1
0,0,0,0,0.7332995,0.3464221,0.4992853,0.5812633,0.8367861,1
0,0,0,0,0.1946105,0.3464221,0.7729778,0.5313151,0.8367861,1
0,0,0,0,0.1946105,0.3464221,0.5939923,0.0619449,0.8367861,1
0,0,0,0,0.1658518,0.3464221,0.9588445,0.2278547,0.8367861,1
0,0,0,0,0.1946105,0.3464221,0.2489789,0.885075,0.8367861,1
0,0,0,0,0.1946105,0.3464221,0.6562872,0.3722354,0.8367861,1
0,0,0,0,0.1946105,0.3464221,0.8163214,0.7733491,0.8367861,1
0,0,0,0,0.1946105,0.3464221,0.0911556,0.2988829,0.8367861,1
0,0,0,0,0.456204,0.3464221,0.7002737,0.9896688,0.8367861,1
0,0,0,0,0.1946105,0.3464221,0.8018246,0.9889378,0.8367861,1
0,0,0,0,0.1946105,0.3464221,0.4675585,0.4851457,0.8367861,1
0,0,0,0,0.1946105,0.3464221,0.1789855,0.4556963,0.8367861,1
0,0,0,0,0.1946105,0.3464221,0.721178,0.6966937,0.8367861,1
0,0,0,0,0.1946105,0.3464221,0.5028875,0.3705303,0.8367861,1
0,0,0,0,0.3730858,0.3464221,0.0896915,0.5987976,0.8367861,1
0,0,0,0,0.1946105,0.3464221,0.8732116,0.5158443,0.8367861,1
0,0,0,0,0.1946105,0.3464221,0.7100786,0.3968679,0.8367861,1
0,0,0,0,0.1946105,0.3464221,0.4249134,0.8774995,0.8367861,1
0,0,0,0,0.8739106,0.3464221,0.9234154,0.7008984,0.8367861,1
0,0,0,0,0.8739106,0.3464221,0.6860666,0.071539,0.8367861,1
0,0,0,0,0.456204,0.3464221,0.1134548,0.0226729,0.8367861,1
0,0,0,0,0.8739106,0.3464221,0.5925377,0.4847217,0.8367861,1
0,0,0,0,0.8739106,0.3464221,0.0670015,0.1200924,0.8367861,1
0,0,0,0,0.8739106,0.3464221,0.3115992,0.4331463,0.8367861,1
0,0,0,0,0.8739106,0.3464221,0.4837532,0.3034453,0.8367861,1
0,0,0,0,0.2593884,0.3464221,0.563867,0.0330644,0.8367861,1
0,0,0,0,0.6389599,0.3464221,0.5039957,0.1449156,0.8367861,1
0,0,0,0,0.8739106,0.3464221,0.9745927,0.8807835,0.8367861,1
0,0,0,0,0.8739106,0.3464221,0.1495562,0.731159,0.8367861,1
0,0,0,0,0.8739106,0.3464221,0.1582903,0.4537252,0.8367861,1
0,0,0,0,0.8739106,0.3464221,0.2577055,0.7142809,0.8367861,1
0,0,0,0,0.8739106,0.3464221,0.795269,0.0969066,0.8367861,1
0,0,0,0,0.456204,0.3464221,0.3783789,0.3823758,0.8367861,1
0,0,0,0,0.3618321,0.3464221,0.3066439,0.9008351,0.8367861,1
0,0,0,0,0.3618321,0.3464221,0.3917322,0.0286709,0.8367861,1
0,0,0,0,0.3618321,0.3464221,0.8796237,0.0386467,0.8367861,1
0,0,0,0,0.3618321,0.3464221,0.7690995,0.0975815,0.8367861,1
0,0,0,0,0.4315525,0.3464221,0.963324,0.0194336,0.8367861,1
0,0,0,0,0.3618321,0.3464221,0.2796778,0.6431461,0.8367861,1
0,0,0,0,0.3618321,0.3464221,0.5097786,0.0956002,0.8367861,1
0,0,0,0,0.3618321,0.3464221,0.2713368,0.0401196,0.8367861,1
0,0,0,0,0.3618321,0.3464221,0.6473741,0.3897415,0.8367861,1
0,0,0,0,0.3618321,0.3464221,0.9778498,0.956659,0.8367861,1
0,0,0,0,0.3618321,0.3464221,0.5898096,0.4991237,0.8367861,1
0,0,0,0,0.456204,0.3464221,0.4440982,0.5999923,0.8367861,1
0,0,0,0,0.3618321,0.3464221,0.6834036,0.1314194,0.8367861,1
0,0,0,0,0.3618321,0.3464221,0.5000898,0.2662816,0.8367861,1
0,0,0,0,0.5370544,0.3464221,0.7190078,0.8405353,0.8367861,1
0,0,0,0,0.4315525,0.3464221,0.0197587,0.2395192,0.8367861,1
0,0,0,0,0.5370544,0.3464221,0.4875883,0.1623274,0.8367861,1
0,0,0,0,0.5370544,0.3464221,0.9494262,0.9374257,0.8367861,1
0,0,0,0,0.5370544,0.3464221,0.7673064,0.7495545,0.8367861,1
0,0,0,0,0.5370544,0.3464221,0.6359832,0.8169131,0.8367861,1
0,0,0,0,0.5370544,0.3464221,0.7725338,0.6041483,0.8367861,1
0,0,0,0,0.5370544,0.3464221,0.7149214,0.5189207,0.8367861,1
0,0,0,0,0.5370544,0.3464221,0.5388258,0.1577339,0.8367861,1
0,0,0,0,0.456204,0.3464221,0.9994238,0.1410147,0.8367861,1
0,0,0,0,0.5370544,0.3464221,0.7890265,0.5428407,0.8367861,1
0,0,0,0,0.5370544,0.3464221,0.6681694,0.3086078,0.8367861,1
0,0,0,0,0.4315525,0.3464221,0.0207802,0.5514988,0.8367861,1
0,0,0,0,0.7869134,0.3464221,0.9151627,0.5850738,0.8367861,1
0,0,0,0,0.7869134,0.3464221,0.2905212,0.9561678,0.8367861,1
0,0,0,0,0.087592,0.3464221,0.1640633,0.7949867,0.8367861,1
0,0,0,0,0.087592,0.3464221,0.5877671,0.2069415,0.8367861,1
0,0,0,0,0.087592,0.3464221,0.5665049,0.4802979,0.8367861,1
0,0,0,0,0.087592,0.3464221,0.0720345,0.2276287,0.8367861,1
0,0,0,0,0.087592,0.3464221,0.6711515,0.3519244,0.8367861,1
0,0,0,0,0.087592,0.3464221,0.8983642,0.1412318,0.8367861,1
0,0,0,0,0.456204,0.3464221,0.9216352,0.6749059,0.8367861,1
0,0,0,0,0.087592,0.3464221,0.8475853,0.1339118,0.8367861,1
0,0,0,0,0.4315525,0.3464221,0.2289005,0.0612577,0.8367861,1
0,0,0,0,0.087592,0.3464221,0.7518129,0.8682049,0.8367861,1
0,0,0,0,0.087592,0.3464221,0.0246012,0.7819708,0.8367861,1
0,0,0,0,0.2656783,0.3464221,0.9493121,0.2618167,0.8367861,1
0,0,0,0,0.2656783,0.3464221,0.7669301,0.2326674,0.8367861,1
0,0,0,0,0.2656783,0.3464221,0.3875177,0.3341384,0.8367861,1
0,0,0,0,0.2656783,0.3464221,0.2928249,0.0443259,0.8367861,1
0,0,0,0,0.2656783,0.3464221,0.1536606,0.1050568,0.8367861,1
0,0,0,0,0.2656783,0.3464221,0.6934806,0.6970926,0.8367861,1
0,0,0,0,0.2656783,0.3464221,0.5486171,0.6317391,0.8367861,1
0,0,0,0,0.456204,0.3464221,0.1106334,0.639694,0.8367861,1
0,0,0,0,0.4315525,0.3464221,0.5909224,0.8149828,0.8367861,1
0,0,0,0,0.2656783,0.3464221,0.8035472,0.6139791,0.8367861,1
0,0,0,0,0.2656783,0.3464221,0.6047474,0.7488236,0.8367861,1
0,0,0,0,0.2656783,0.3464221,0.9457482,0.9293622,0.8367861,1
0,0,0,0,0.6778813,0.3464221,0.6011825,0.1921731,0.8367861,1
0,0,0,0,0.6778813,0.3464221,0.2748346,0.4486775,0.8367861,1
0,0,0,0,0.6778813,0.3464221,0.9738055,0.8188331,0.8367861,1
0,0,0,0,0.6778813,0.3464221,0.6551035,0.1023712,0.8367861,1
0,0,0,0,0.6778813,0.3464221,0.8716087,0.8689084,0.8367861,1
0,0,0,0,0.6778813,0.3464221,0.9932437,0.7106819,0.8367861,1
0,0,0,0,0.6778813,0.3464221,0.9038005,0.765968,0.8367861,1
0,0,0,0,0.4315525,0.3464221,0.6440085,0.8387666,0.8367861,1
0,0,0,0,0.9095135,0.3464221,0.8725705,0.479323,0.8367861,1
0,0,0,0,0.2461386,0.3464221,0.4993875,0.1699424,0.8367861,1
0,0,0,0,0.2461386,0.3464221,0.9852906,0.756113,0.8367861,1
0,0,0,0,0.2461386,0.3464221,0.2582474,0.1379353,0.8367861,1
0,0,0,0,0.2461386,0.3464221,0.3088281,0.4216683,0.8367861,1
0,0,0,0,0.2461386,0.3464221,0.8908953,0.3017072,0.8367861,1
0,0,0,0,0.2461386,0.3464221,0.8220472,0.1727951,0.8367861,1
0,0,0,0,0.2461386,0.3464221,0.5914634,0.5698208,0.8367861,1
0,0,0,0,0.054703,0.3464221,0.3898596,0.5998784,0.8367861,1
0,0,0,0,0.054703,0.3464221,0.9109889,0.9258651,0.8367861,1
0,0,0,0,0.4315525,0.3464221,0.8653852,0.3330267,0.8367861,1
0,0,0,0,0.9095135,0.3464221,0.3468305,0.277589,0.8367861,1
0,0,0,0,0.054703,0.3464221,0.9137349,0.8375276,0.8367861,1
0,0,0,0,0.054703,0.3464221,0.2123002,0.9709196,0.8367861,1
0,0,0,0,0.054703,0.3464221,0.9045291,0.290614,0.8367861,1
0,0,0,0,0.054703,0.3464221,0.5587205,0.6521418,0.8367861,1
0,0,0,0,0.054703,0.3464221,0.8857551,0.1937782,0.8367861,1
0,0,0,0,0.054703,0.3464221,0.9678236,0.9525808,0.8367861,1
0,0,0,0,0.054703,0.3464221,0.404923,0.1763607,0.8367861,1
0,0,0,0,0.054703,0.3464221,0.0383388,0.6293135,0.8367861,1
0,0,0,0,0.054703,0.3464221,0.7355365,0.7620789,0.8367861,1
0,0,0,0,0.4315525,0.3464221,0.0918411,0.6500871,0.8367861,1
0,0,0,0,0.010768,0.3464221,0.3854885,0.8676701,0.8367861,1
0,0,0,0,0.7975085,0.3464221,0.6206795,0.3720897,0.8367861,1
0,0,0,0,0.9095135,0.3464221,0.9446643,0.5649956,0.8367861,1
0,0,0,0,0.010768,0.3464221,0.9003681,0.8115248,0.8367861,1
0,0,0,0,0.010768,0.3464221,0.8776671,0.6272482,0.8367861,1
0,0,0,0,0.010768,0.3464221,0.0928185,0.5268138,0.8367861,1
0,0,0,0,0.010768,0.3464221,0.0310346,0.0632088,0.8367861,1
0,0,0,0,0.010768,0.3464221,0.0753744,0.3256828,0.8367861,1
0,0,0,0,0.7923327,0.3464221,0.1248305,0.5591506,0.8367861,1
0,0,0,0,0.7923327,0.3464221,0.6749376,0.889198,0.8367861,1
0,0,0,0,0.3730858,0.3464221,0.4402524,0.6585432,0.8367861,1
0,0,0,0,0.7923327,0.3464221,0.9977111,0.2416931,0.8367861,1
0,0,0,0,0.7923327,0.3464221,0.9737858,0.7983839,0.8367861,1
0,0,0,0,0.9095135,0.3464221,0.1144543,0.6639927,0.8367861,1
0,0,0,0,0.7923327,0.3464221,0.7092585,0.422539,0.8367861,1
0,0,0,0,0.7923327,0.3464221,0.2249378,0.5911572,0.8367861,1
0,0,0,0,0.7923327,0.3464221,0.7682046,0.6862458,0.8367861,1
0,0,0,0,0.7923327,0.3464221,0.2199425,0.5443158,0.8367861,1
0,0,0,0,0.7923327,0.3464221,0.3646566,0.9198452,0.8367861,1
0,0,0,0,0.7923327,0.3464221,0.8490251,0.1322997,0.8367861,1
0,0,0,0,0.7923327,0.3464221,0.0956026,0.0933244,0.8367861,1
0,0,0,0,0.6426751,0.3464221,0.7176228,0.4263211,0.8367861,1
0,0,0,0,0.4315525,0.3464221,0.9869301,0.3193727,0.8367861,1
0,0,0,0,0.7923327,0.3464221,0.7241722,0.1941709,0.8367861,1
0,0,0,0,0.7923327,0.3464221,0.6758758,0.7296707,0.8367861,1
0,0,0,0,0.7923327,0.3464221,0.3860818,0.1141821,0.8367861,1
0,0,0,0,0.9095135,0.3464221,0.3192951,0.4889999,0.8367861,1
0,0,0,0,0.7923327,0.3464221,0.299439,0.6586094,0.8367861,1
0,0,0,0,0.2670739,0.3464221,0.7595412,0.5785667,0.8367861,1
0,0,0,0,0.2670739,0.3464221,0.7300897,0.4527091,0.8367861,1
0,0,0,0,0.2670739,0.3464221,0.2258846,0.5764884,0.8367861,1
0,0,0,0,0.2670739,0.3464221,0.1081625,0.2003523,0.8367861,1
0,0,0,0,0.2670739,0.3464221,0.827386,0.5074334,0.8367861,1
0,0,0,0,0.4315525,0.3464221,0.123245,0.5850974,0.8367861,1
0,0,0,0,0.2670739,0.3464221,0.0408112,0.5461256,0.8367861,1
0,0,0,0,0.2670739,0.3464221,0.9996934,0.5903704,0.8367861,1
0,0,0,0,0.2670739,0.3464221,0.7167472,0.8337927,0.8367861,1
0,0,0,0,0.2670739,0.3464221,0.983628,0.1783994,0.8367861,1
0,0,0,0,0.9095135,0.3464221,0.228473,0.8614167,0.8367861,1
0,0,0,0,0.2670739,0.3464221,0.916559,0.7182166,0.8367861,1
0,0,0,0,0.2670739,0.3464221,0.6244331,0.8194577,0.8367861,1
0,0,0,0,0.2670739,0.3464221,0.0148524,0.471651,0.8367861,1
0,0,0,0,0.4231693,0.3464221,0.7068778,0.066239,0.8367861,1
0,0,0,0,0.4231693,0.3464221,0.5638146,0.0020111,0.8367861,1
0,0,0,0,0.4315525,0.3464221,0.4904664,0.3632336,0.8367861,1
0,0,0,0,0.4231693,0.3464221,0.603608,0.8435554,0.8367861,1
0,0,0,0,0.4231693,0.3464221,0.099961,0.4377128,0.8367861,1
0,0,0,0,0.4231693,0.3464221,0.3511594,0.7875808,0.8367861,1
0,0,0,0,0.4231693,0.3464221,0.7435493,0.0007449,0.8367861,1
0,0,0,0,0.4231693,0.3464221,0.5241237,0.4541659,0.8367861,1
0,0,0,0,0.9095135,0.3464221,0.8616227,0.0580592,0.8367861,1
0,0,0,0,0.4231693,0.3464221,0.4792635,0.1691745,0.8367861,1
0,0,0,0,0.4231693,0.3464221,0.1713343,0.0382817,0.8367861,1
0,0,0,0,0.4231693,0.3464221,0.1676492,0.8277472,0.8367861,1
0,0,0,0,0.4231693,0.3464221,0.8971728,0.0491076,0.8367861,1
0,0,0,0,0.4315525,0.3464221,0.983777,0.926202,0.8367861,1
0,0,0,0,0.4231693,0.3464221,0.5482909,0.4537033,0.8367861,1
0,0,0,0,0.4231693,0.3464221,0.6625437,0.3139002,0.8367861,1
0,0,0,0,0.3520833,0.3464221,0.1189043,0.3444708,0.8367861,1
0,0,0,0,0.3520833,0.3464221,0.5996329,0.7593085,0.8367861,1
0,0,0,0,0.3520833,0.3464221,0.11457,0.1405454,0.8367861,1
0,0,0,0,0.3520833,0.3464221,0.9012051,0.7965308,0.8367861,1
0,0,0,0,0.9095135,0.3464221,0.9870671,0.2711941,0.8367861,1
0,0,0,0,0.3520833,0.3464221,0.3175662,0.7075681,0.8367861,1
0,0,0,0,0.3520833,0.3464221,0.5902369,0.3256828,0.8367861,1
0,0,0,0,0.3743393,0.3464221,0.328096,0.9224046,0.8367861,1
0,0,0,0,0.8721021,0.3464221,0.7046771,0.3193727,0.8367861,1
0,0,0,0,0.3743393,0.3464221,0.2303416,0.9897721,0.8367861,1
0,0,0,0,0.3743393,0.3464221,0.7721341,0.9798615,0.8367861,1
0,0,0,0,0.3743393,0.3464221,0.2043856,0.116662,0.8367861,1
0,0,0,0,0.3743393,0.3464221,0.0916192,0.6995697,0.8367861,1
0,0,0,0,0.3743393,0.3464221,0.6968147,0.4670477,0.8367861,1
0,0,0,0,0.3743393,0.3464221,0.3057472,0.5871477,0.8367861,1
0,0,0,0,0.3743393,0.3464221,0.3965687,0.7046464,0.8367861,1
0,0,0,0,0.9095135,0.3464221,0.0403199,0.0550419,0.8367861,1
0,0,0,0,0.3743393,0.3464221,0.5330967,0.3896103,0.8367861,1
0,0,0,0,0.3743393,0.3464221,0.6025952,0.3116794,0.8367861,1
0,0,0,0,0.8721021,0.3464221,0.9309717,0.6602436,0.8367861,1
0,0,0,0,0.3743393,0.3464221,0.0102387,0.1763607,0.8367861,1
0,0,0,0,0.3743393,0.3464221,0.6636277,0.2377903,0.8367861,1
0,0,0,0,0.3743393,0.3464221,0.5645834,0.8303823,0.8367861,1
0,0,0,0,0.8738368,0.3464221,0.165041,0.9662861,0.8367861,1
0,0,0,0,0.8738368,0.3464221,0.2554237,0.7695555,0.8367861,1
0,0,0,0,0.8738368,0.3464221,0.1609713,0.1810371,0.8367861,1
0,0,0,0,0.8738368,0.3464221,0.9914899,0.402211,0.8367861,1
0,0,0,0,0.8738368,0.3464221,0.4814382,0.9707384,0.8367861,1
0,0,0,0,0.9095135,0.3464221,0.5260088,0.5529757,0.8367861,1
0,0,0,0,0.8738368,0.3464221,0.112243,0.4960857,0.8367861,1
0,0,0,0,0.8721021,0.3464221,0.6026915,0.8145615,0.8367861,1
0,0,0,0,0.8738368,0.3464221,0.8001281,0.3619264,0.8367861,1
0,0,0,0,0.8738368,0.3464221,0.8156677,0.6469925,0.8367861,1
0,0,0,0,0.8738368,0.3464221,0.0350187,0.9668922,0.8367861,1
0,0,0,0,0.8738368,0.3464221,0.081999,0.4096706,0.8367861,1
0,0,0,0,0.8738368,0.3464221,0.8048137,0.4812075,0.8367861,1
0,0,0,0,0.8738368,0.3464221,0.0341867,0.6792826,0.8367861,1
0,0,0,0,0.8738368,0.3464221,0.4711745,0.0958237,0.8367861,1
0,0,0,0,0.8738368,0.3464221,0.1917762,0.8412014,0.8367861,1
0,0,0,0,0.8738368,0.3464221,0.6200927,0.0822405,0.8367861,1
0,0,0,0,0.9891772,0.3464221,0.6734035,0.1979833,0.8367861,1
0,0,0,0,0.3730858,0.3464221,0.920689,0.8279153,0.8367861,1
0,0,0,0,0.8738368,0.3464221,0.3527028,0.212746,0.8367861,1
0,0,0,0,0.2697651,0.3464221,0.9783641,0.0157282,0.8367861,1
0,0,0,0,0.2697651,0.3464221,0.2369898,0.8178948,0.8367861,1
0,0,0,0,0.2697651,0.3464221,0.763928,0.2398706,0.8367861,1
0,0,0,0,0.2697651,0.3464221,0.9024927,0.9065578,0.8367861,1
0,0,0,0,0.2697651,0.3464221,0.3569386,0.1650195,0.8367861,1
0,0,0,0,0.2697651,0.3464221,0.4638361,0.2543058,0.8367861,1
0,0,0,0,0.2697651,0.3464221,0.8323261,0.1711774,0.8367861,1
0,0,0,0,0.2697651,0.3464221,0.510506,0.3045316,0.8367861,1
0,0,0,0,0.2697651,0.3464221,0.390404,0.3814377,0.8367861,1
0,0,0,0,0.8721021,0.3464221,0.1655417,0.7429853,0.8367861,1
0,0,0,0,0.9891772,0.3464221,0.8681,0.0092108,0.8367861,1
0,0,0,0,0.0833445,0.3464221,0.5245344,0.0975697,0.8367861,1
0,0,0,0,0.0833445,0.3464221,0.5143743,0.5955185,0.8367861,1
0,0,0,0,0.0833445,0.3464221,0.9412222,0.0379833,0.8367861,1
0,0,0,0,0.0833445,0.3464221,0.558302,0.6092248,0.8367861,1
0,0,0,0,0.0833445,0.3464221,0.6372551,0.9708116,0.8367861,1
0,0,0,0,0.0833445,0.3464221,0.915186,0.5193996,0.8367861,1
0,0,0,0,0.0833445,0.3464221,0.0144572,0.441892,0.8367861,1
0,0,0,0,0.0833445,0.3464221,0.251025,0.4637385,0.8367861,1
0,0,0,0,0.0833445,0.3464221,0.7423657,0.0111415,0.8367861,1
0,0,0,0,0.8721021,0.3464221,0.5625618,0.7962744,0.8367861,1
0,0,0,0,0.0833445,0.3464221,0.3599025,0.4546851,0.8367861,1
0,0,0,0,0.1760764,0.3464221,0.6787649,0.9748472,0.8367861,1
0,0,0,0,0.9891772,0.3464221,0.4611149,0.0410387,0.8367861,1
0,0,0,0,0.0833445,0.3464221,0.4501257,0.1937947,0.8367861,1
0,0,0,0,0.0833445,0.3464221,0.1192782,0.6376044,0.8367861,1
0,0,0,0,0.0833445,0.3464221,0.1119166,0.910393,0.8367861,1
0,0,0,0,0.0833445,0.3464221,0.9885817,0.8254676,0.8367861,1
0,0,0,0,0.0833445,0.3464221,0.9211604,0.8134321,0.8367861,1
0,0,0,0,0.0833445,0.3464221,0.9370676,0.1971471,0.8367861,1
0,0,0,0,0.0833445,0.3464221,0.5747584,0.5872049,0.8367861,1
0,0,0,0,0.2593884,0.3464221,0.5211025,0.9136272,0.8367861,1
0,0,0,0,0.8721021,0.3464221,0.1117195,0.5884948,0.8367861,1
0,0,0,0,0.0833445,0.3464221,0.7202296,0.727269,0.8367861,1
0,0,0,0,0.1342529,0.3464221,0.7345587,0.3041446,0.8367861,1
0,0,0,0,0.1342529,0.3464221,0.5995927,0.5204147,0.8367861,1
0,0,0,0,0.9891772,0.3464221,0.0255452,0.7963675,0.8367861,1
0,0,0,0,0.1342529,0.3464221,0.121256,0.01639,0.8367861,1
0,0,0,0,0.1342529,0.3464221,0.2063062,0.812168,0.8367861,1
0,0,0,0,0.1342529,0.3464221,0.8084281,0.3208556,0.8367861,1
0,0,0,0,0.1342529,0.3464221,0.9975919,0.5922096,0.8367861,1
0,0,0,0,0.1342529,0.3464221,0.061943,0.0202724,0.8367861,1
0,0,0,0,0.1342529,0.3464221,0.6525977,0.8741296,0.8367861,1
0,0,0,0,0.8721021,0.3464221,0.7193207,0.8429512,0.8367861,1
0,0,0,0,0.1342529,0.3464221,0.2109233,0.1535661,0.8367861,1
